company,grade,toeic,speaking,opic,lang,cert,abr,inte,prize,vol
한국가스안전공사,3.68/4.5,799점,Lv6,IM2,1개,2.4개,1.2회,1회,2.3회,1.6회
한국환경정책평가연구원,3.77/4.5,810점,Lv5,AL,1.3개,2.2개,1.3회,1회,1.5회,1.7회
㈜YG엔터테인먼트,3.59/4.5,892점,Lv8,AL,1개,1.8개,1.2회,2.4회,1.3회,2회
한국생산기술연구원,3.77/4.5,734점,Lv5,IM1,1.1개,2.1개,1.3회,1.5회,1.8회,1.6회
(주)한국야쿠르트,3.69/4.5,824점,Lv6,IM3,1개,2개,1.2회,1회,1.6회,1.3회
한국보건사회연구원,3.8/4.5,824점,-,IH,1.1개,2.2개,1.1회,3회,1회,2.3회
(주)디지틀조선일보,3.66/4.5,781점,Lv6,IM2,1.2개,2.1개,1.3회,1.5회,2.7회,2.2회
이수건설(주),3.6/4.5,838점,-,-,-,2개,-,3회,-,1회
(주)티맥스소프트,3.57/4.5,781점,Lv6,IM1,1.1개,2개,1.3회,1.2회,1.8회,2회
(주)홈앤쇼핑,3.59/4.5,805점,Lv6,IM1,1.3개,2.4개,1.1회,1.8회,1.9회,2.3회
대원씨티에스㈜,3.54/4.5,740점,Lv4,IM2,1개,2개,1회,2회,2회,1.4회
코나아이(주),3.6/4.5,835점,Lv6,IM2,1.5개,2.1개,1.4회,1회,1.6회,2회
한화솔루션(주),3.65/4.5,852점,Lv6,IM3,1.6개,1.7개,1.3회,1.2회,1.3회,1.3회
와이즈와이어즈㈜,3.42/4.5,682점,Lv6,IM1,1.1개,2.1개,1.2회,2.1회,1.7회,1.3회
AJ네트웍스(주),3.58/4.5,806점,Lv7,IM3,1개,2.5개,1.1회,1.4회,2.3회,2.5회
SK건설(주),3.64/4.5,812점,Lv6,IH,1.1개,1.9개,1.2회,1.1회,1.6회,1.2회
인천국제공항공사,3.72/4.5,855점,Lv7,IM3,1.2개,2.1개,1.3회,1.2회,1.7회,1.7회
(주)교원,3.65/4.5,837점,Lv6,IM3,1개,2개,1.2회,1.2회,2.2회,2회
㈜아프리카TV,3.53/4.5,699점,Lv6,IM2,1.4개,2.2개,1.5회,1.6회,2회,2.4회
케이웨더㈜,3.59/4.5,828점,Lv6,-,1개,2.1개,1회,3회,1.7회,1.4회
한국아이비엠 테크니컬솔루션(유),3.55/4.5,743점,-,IM1,1개,2.4개,1.3회,2회,1.3회,1.8회
㈜유비쿼스,3.6/4.5,796점,Lv5,IM2,1.3개,2.1개,1.3회,1회,1.4회,2회
(주)나스미디어,3.6/4.5,801점,Lv6,IM3,1.3개,1.8개,1.1회,1.6회,1.4회,1.4회
㈜MP그룹,3.56/4.5,743점,Lv6,IM2,1개,2.2개,1.4회,1.3회,1.3회,2.2회
엔테크서비스(주),3.64/4.5,771점,Lv6,IM1,1.5개,1.9개,1회,1.1회,1.7회,1.7회
효성아이티엑스(주),3.46/4.5,640점,-,IH,1개,1.7개,1회,-,1회,-
NS홈쇼핑,3.62/4.5,877점,Lv6,IH,1개,2.5개,1.4회,1회,-,2회
(주)아이센스,3.63/4.5,873점,Lv7,IM3,1.6개,2.3개,1.3회,2.2회,1.3회,1.7회
한국중부발전(주),3.67/4.5,817점,Lv6,IM3,1개,2.9개,1.1회,1회,1.2회,1.5회
잡코리아(유),3.56/4.5,769점,Lv6,IM2,1개,2.2개,1.4회,1.5회,2회,2.3회
㈜CJ ENM,3.67/4.5,867점,Lv6,IM3,1.1개,1.8개,1.2회,1.2회,1.3회,1.9회
(주)한국카본,3.64/4.5,804점,Lv5,IM1,1.3개,2.3개,1.3회,1회,1.6회,2회
(주)남영비비안,3.42/4.5,821점,Lv6,IM2,1개,1.8개,1.3회,2회,2회,2회
한화토탈(주),3.68/4.5,856점,Lv6,IH,1개,2.3개,1.2회,1회,1회,1.4회
한미사이언스(주),3.55/4.5,799점,Lv6,IM2,1.5개,2.4개,1.2회,1.9회,2.4회,1.8회
중앙일보(주),3.64/4.5,814점,Lv6,IM2,1.1개,2개,1.1회,1.7회,2.3회,1.9회
일동제약㈜,3.61/4.5,787점,Lv6,IM2,1개,2.1개,1.4회,1.4회,2.2회,1.5회
금호타이어(주),3.7/4.5,819점,Lv6,IM3,1개,1.8개,1.1회,1회,1.9회,1.3회
(주)엠씨넥스,3.6/4.5,767점,-,IM1,1.4개,2개,1.4회,2.6회,2.6회,1.7회
(재)한국에너지기술연구원,3.69/4.5,694점,Lv5,IM1,1.2개,1.9개,1.3회,1.7회,1.4회,1.7회
(주)대우건설,3.59/4.5,834점,Lv6,IM2,1.2개,2개,1.3회,1.3회,1.7회,1.6회
(재)한국노동연구원,3.79/4.5,822점,-,-,1개,2개,1.4회,-,1.8회,2.5회
동부제철(주),3.58/4.5,805점,Lv6,IM2,1.1개,1.9개,1.7회,1.1회,2.1회,1.2회
(주)에스앤아이코퍼레이션,3.62/4.5,804점,Lv6,IM2,1.1개,2.2개,1.4회,1.3회,1.5회,1.8회
㈜인포피아,3.6/4.5,819점,Lv6,IL,1.3개,2.4개,1.3회,2회,1회,1.5회
오스템임플란트(주),3.61/4.5,775점,Lv6,IM3,1.1개,2.1개,1.4회,1.7회,1.5회,1.7회
(주)해커스어학원,3.64/4.5,868점,Lv6,IH,1.5개,2.7개,1.3회,1.8회,2.3회,2.2회
(유)기흥모터스,3.39/4.5,733점,Lv7,IH,1개,2개,1.2회,1.2회,2회,2.5회
(주)우성사료,3.72/4.5,824점,Lv6,IM3,2개,2.2개,1.4회,1회,3회,1.3회
한국과학기술연구원,3.82/4.5,756점,Lv6,IM1,1.2개,2.1개,1.3회,1.7회,1.9회,1.5회
딜리버리히어로코리아유한책임회사,3.61/4.5,827점,Lv6,IM2,1.3개,1.8개,1.1회,1.3회,2.7회,1.5회
피에스케이홀딩스(주),3.63/4.5,745점,Lv5,IM2,1.3개,2.3개,1.7회,1회,1.3회,1.7회
(주)하이프라자,3.53/4.5,752점,Lv6,IL,1.5개,2.2개,1.2회,1.6회,3.5회,1.8회
㈜세일종합기술공사,3.62/4.5,708점,-,-,1개,2.4개,1회,2.5회,-,1회
한국수자원공사,3.65/4.5,810점,Lv6,IM3,1개,2.3개,1.3회,1.4회,1.6회,2회
국토연구원,3.84/4.5,749점,Lv6,IM3,1.1개,2.2개,1.3회,1.8회,1.6회,1.3회
GS건설㈜,3.64/4.5,828점,Lv6,IH,1.3개,1.9개,1회,1.2회,1.6회,1.2회
㈜더에스엠씨그룹,3.54/4.5,819점,Lv6,IM3,1.6개,2.1개,1.4회,2회,2.1회,2.5회
LG 이노텍,3.68/4.5,807점,Lv6,IM3,1.1개,1.9개,1.1회,1회,1.5회,1.2회
한국조폐공사,3.65/4.5,776점,Lv5,-,1개,2.6개,1.3회,2회,1회,1.8회
(주)좋은책신사고,3.67/4.5,762점,Lv6,IM3,1개,2.5개,1.3회,1회,1.5회,1.6회
CJ대한통운(주),3.65/4.5,866점,Lv6,IH,1.1개,2.1개,1.2회,1.1회,1.5회,1.3회
근로복지공단,3.71/4.5,793점,Lv6,IM2,1.1개,2.4개,1.2회,1.5회,1.4회,2.1회
LS엠트론㈜,3.59/4.5,790점,Lv6,-,1개,1.9개,1.3회,1.3회,1.5회,1.3회
푸르덴셜생명보험(주),3.54/4.5,825점,Lv6,IM2,1.1개,2개,1.3회,1.4회,1회,1.5회
동부엔지니어링(주),3.75/4.5,813점,-,-,1.5개,2.3개,1.1회,-,-,2회
(주)티몬,3.59/4.5,778점,Lv6,IM2,1.1개,2.1개,1.3회,1.8회,2회,1.7회
㈜이테크건설,3.56/4.5,811점,Lv5,IM2,1.3개,2.3개,1.4회,1.2회,1.5회,1.1회
SK인포섹(주),3.59/4.5,686점,Lv6,IM1,1개,2.3개,1.1회,1.4회,1.6회,1.4회
현대아산(주),3.59/4.5,813점,Lv7,IM3,1.2개,2.3개,1.5회,1.2회,1회,1.7회
현대자동차(주),3.71/4.5,833점,Lv6,IM3,1.2개,2개,1.2회,1.2회,1.5회,1.5회
GS리테일,3.6/4.5,824점,Lv6,IH,1.2개,2.2개,1.2회,1.2회,1.6회,1.7회
(주)오뚜기,3.61/4.5,804점,Lv6,IM3,1.1개,2.2개,1.2회,1.2회,1.5회,1.5회
(주)경농,3.58/4.5,804점,Lv5,IH,1개,2.6개,1.2회,1회,1회,1.5회
JW중외제약(주),3.5/4.5,783점,Lv6,IM3,1.3개,2.3개,1.3회,1.2회,1.6회,2.1회
한국지역난방공사,3.68/4.5,789점,Lv6,IM3,1.5개,3.2개,1.3회,1.3회,2.6회,2회
굿네이버스,3.58/4.5,873점,Lv7,IH,1.5개,2.2개,1.3회,1회,1회,3.6회
(주)소노호텔앤리조트,3.63/4.5,801점,Lv6,-,1개,2.3개,1.3회,1.7회,1.7회,1.6회
대림산업㈜,3.65/4.5,830점,Lv6,IM2,1.1개,2.2개,1.1회,1.3회,1.9회,1.4회
(주)휴넷,3.68/4.5,812점,-,IM1,1.3개,2.3개,1.3회,1.7회,1.8회,2.3회
행복나래(주),3.46/4.5,800점,Lv7,-,1.3개,2.2개,1.1회,-,1회,1.4회
버거킹,3.49/4.5,864점,Lv6,IH,1개,2.2개,1.4회,2회,2회,1.8회
한국야금(주),3.73/4.5,815점,Lv5,-,1개,3.1개,1.9회,2회,1.7회,1.8회
(주)유비케어,3.63/4.5,790점,Lv6,-,1.2개,2.1개,1.8회,1회,2회,2회
(주)쁘띠엘린,3.68/4.5,817점,Lv6,IM1,1.3개,2.1개,1.1회,1.6회,2.1회,1.9회
(주)한국하우톤,3.57/4.5,745점,Lv6,IM1,1.7개,3개,1.3회,1회,5회,1.3회
현대상선(주),3.76/4.5,854점,Lv6,IM3,1개,2개,1.2회,1.2회,1.3회,1.4회
(주)알티캐스트,3.64/4.5,808점,Lv7,IM3,1.1개,2.1개,1.4회,2.3회,2.3회,1.6회
(주)한국아트라스비엑스,3.47/4.5,816점,-,IM2,1.3개,2.4개,1.1회,-,1.7회,2회
한국토지주택공사,3.59/4.5,760점,Lv5,IM1,1.1개,2.2개,1.2회,1.5회,1.4회,2회
현대비앤지스틸(주),3.66/4.5,862점,Lv7,IH,-,2.4개,1.4회,1.2회,1.6회,1.4회
인천항만공사,3.68/4.5,878점,Lv5,IH,1.6개,2.2개,1.3회,1회,1.3회,3회
콘티넨탈오토모티브일렉트로닉스(유),3.65/4.5,824점,Lv7,IM2,-,1.7개,1.8회,1.3회,1회,2회
㈜LG하우시스,3.72/4.5,840점,Lv6,IH,1개,2.1개,1.6회,1.1회,1.7회,1.7회
신라스테이(주),3.63/4.5,755점,Lv6,IM3,3.6개,2.9개,2.1회,1.5회,2.5회,1.6회
네이버비즈니스플랫폼(주),3.56/4.5,830점,Lv5,IM3,1개,1.6개,1.3회,1회,2회,2.2회
(주)인컴즈,3.51/4.5,659점,-,IL,1.1개,2개,1.1회,1.1회,1.3회,2.4회
(주)비상교육,3.66/4.5,800점,Lv6,IH,1개,2.2개,1.5회,1.2회,1.7회,2회
한국지질자원연구원,3.72/4.5,734점,Lv5,IH,1개,2.1개,1.1회,1회,2회,1.8회
(주)웰크론한텍,3.77/4.5,765점,Lv5,IM1,2개,2.8개,1회,-,-,-
캐논코리아비즈니스솔루션(주),3.6/4.5,785점,Lv6,IM2,1.3개,2.3개,1.1회,1.4회,1.9회,1.7회
(주)지아이티,3.44/4.5,777점,-,IM1,-,2.1개,1회,2회,-,-
제이비우리캐피탈(주),3.52/4.5,826점,Lv6,-,1개,2개,1회,2.5회,1회,1.5회
에이테크솔루션(주),3.63/4.5,680점,Lv6,IL,1.3개,2.2개,1.2회,-,2.1회,1회
(주)삼보컴퓨터,3.55/4.5,775점,Lv7,IM1,1개,2.3개,1.3회,1.5회,1.2회,1.5회
한국철도시설공단,3.7/4.5,805점,Lv6,IM3,1개,2.7개,1.1회,1회,1.4회,1.5회
SK증권(주),3.56/4.5,815점,Lv7,IH,1개,1.9개,1.3회,1.3회,1.3회,2.8회
한국언론진흥재단,3.69/4.5,821점,Lv6,IH,1개,2개,1.5회,1회,1.8회,2.3회
(주)이씨에스텔레콤,3.45/4.5,769점,-,-,1개,2.7개,1.5회,1.5회,1회,1회
한국임업진흥원,3.39/4.5,786점,Lv6,IM2,1개,2.2개,-,1.3회,2회,1.7회
(주)셀트리온헬스케어,3.57/4.5,923점,Lv8,-,1.4개,2개,1.6회,-,2회,2.8회
㈜에이플러스에셋어드바이저,3.58/4.5,843점,-,IM2,1개,2.4개,1회,2회,1.5회,1.4회
(주)한국존슨앤드존슨,3.56/4.5,839점,Lv6,IM2,1개,2개,1.2회,1.5회,1.3회,1.8회
(주)호반호텔앤리조트,3.61/4.5,732점,Lv7,IM2,1.3개,2.1개,1.3회,1.4회,1.8회,1.7회
크래프톤,3.84/4.5,890점,Lv5,IM2,3개,2.6개,1.5회,2회,3회,2.5회
(주)에스에프에이,3.59/4.5,775점,Lv6,IM2,1.2개,2개,1.2회,1.5회,2.3회,1.7회
남해화학(주),3.65/4.5,775점,-,-,-,2.3개,1회,1.5회,-,1회
HDC아이파크몰(주),3.57/4.5,846점,Lv6,IM2,1개,2.5개,1.2회,2회,2.3회,1.8회
CJ올리브영㈜,3.63/4.5,849점,Lv6,IM3,1.2개,2.2개,1회,1.4회,1.4회,1.4회
CJ프레시웨이㈜,3.64/4.5,835점,Lv6,IM3,1개,2.2개,1.2회,1.2회,1.5회,1.6회
CJ올리브네트웍스,3.6/4.5,830점,Lv6,IM3,1개,1.9개,1.2회,1.1회,1.5회,1.6회
CJ제일제당(주),3.64/4.5,839점,Lv6,IM3,1.2개,2개,1.1회,1.2회,1.6회,1.8회
(주)아이마켓코리아,3.6/4.5,789점,Lv6,IM2,1.1개,2.3개,1.3회,1.2회,1.6회,1.6회
해비치호텔앤드리조트(주),3.69/4.5,733점,Lv6,IM2,1개,2.1개,1.1회,1.1회,1.5회,2회
(주)엔씨소프트,3.53/4.5,813점,Lv6,IM2,1.1개,2.2개,1.3회,1.3회,1.8회,1.6회
한국수력원자력(주),3.7/4.5,776점,Lv6,IH,1.2개,2.3개,1.2회,1.6회,2.1회,1.4회
영풍전자(주),3.52/4.5,767점,-,IM2,1.2개,1.9개,1.4회,1.2회,2.1회,1.3회
한국교통연구원,3.81/4.5,750점,Lv7,IL,1.1개,1.9개,1.3회,1.5회,1.7회,1.4회
(주)녹십자,3.55/4.5,838점,Lv6,IM2,1.5개,2.1개,1.3회,1.2회,2.2회,1.9회
㈜한미글로벌,3.57/4.5,810점,Lv6,-,1.2개,2.1개,1.3회,1회,4회,1.5회
(주)메조미디어,3.72/4.5,778점,Lv6,IM3,1개,1.7개,1.1회,1.7회,2.6회,2.4회
한국자산관리공사,3.57/4.5,786점,Lv6,IM2,1.1개,2.3개,1.2회,1.6회,1.4회,1.8회
대한무역투자진흥공사,3.66/4.5,868점,Lv7,IM3,1.2개,1.8개,1.4회,1.9회,1.5회,2회
건강보험심사평가원,3.71/4.5,808점,Lv6,IM3,1.1개,2.3개,1.1회,1.3회,1.9회,2.2회
한국국방연구원,3.86/4.5,836점,Lv6,IM3,1개,2.1개,1.2회,2회,1회,2.3회
네이버(주),3.64/4.5,800점,Lv5,IM2,1.2개,2.1개,1.3회,1.2회,2.2회,1.4회
(주)보미건설,3.54/4.5,679점,-,-,1개,2.4개,1.4회,1.5회,1.8회,1회
FRL코리아㈜,3.68/4.5,842점,Lv6,IH,1.2개,2.2개,1.3회,1.4회,1.6회,1.8회
SK하이닉스(주),3.7/4.5,824점,Lv6,IM3,1.1개,2개,1.2회,1.1회,1.4회,1.5회
(주)웅진씽크빅,3.65/4.5,782점,Lv6,IM2,1.2개,2.2개,1.2회,1.3회,2회,2회
(주)컴투스,3.55/4.5,803점,Lv6,IM2,1.5개,2.1개,1.2회,1.7회,1.7회,1.6회
유비벨록스(주),3.6/4.5,774점,Lv6,IM2,1개,2.2개,1.2회,1회,1.6회,2.2회
한화종합화학(주),3.4/4.5,823점,Lv7,IM3,1개,2.8개,1.3회,1회,1회,1회
코람코자산신탁,3.41/4.5,-,-,-,1개,1.8개,1회,1회,-,-
(주)이글루시큐리티,3.55/4.5,759점,Lv6,IM2,1.1개,2.7개,1.2회,1.3회,2.3회,1.6회
(주)넥슨코리아,3.58/4.5,800점,Lv6,IM2,1개,1.8개,1.1회,1.3회,2회,2.3회
(주)유신,3.59/4.5,797점,Lv7,-,1.1개,2.1개,1.1회,1회,2회,1.9회
엔에이치엔(주),3.59/4.5,809점,Lv5,IM2,-,2.3개,1.2회,1.2회,2회,1.5회
(주)리드코프,3.47/4.5,769점,-,IL,1개,2개,1.3회,1.3회,1.8회,2회
㈜한국피자헛,3.52/4.5,711점,-,IM1,1개,2개,1.4회,1회,1.3회,1.2회
지멘스(주),3.43/4.5,853점,Lv6,IM3,-,3개,1회,2회,2회,2.3회
(주)이랜드월드,3.64/4.5,860점,Lv6,IM3,1.3개,2개,1.2회,1.2회,1.7회,1.7회
넷마블컴퍼니,3.56/4.5,815점,Lv6,IM2,1개,1.7개,1.5회,1.3회,1.9회,1.8회
한국저작권위원회,3.75/4.5,768점,Lv6,IM2,1.3개,2.6개,1.3회,1회,1.8회,2.3회
㈜KG이니시스,3.45/4.5,735점,Lv6,-,1개,1.6개,1.2회,-,1.5회,1회
(주)더존비즈온,3.57/4.5,674점,Lv6,IM2,1개,2.6개,1.1회,1.6회,1.8회,2.1회
(주)LG상사,3.76/4.5,911점,Lv7,IH,1개,2.1개,1.5회,1.5회,1.7회,1.8회
㈜다우기술,3.53/4.5,762점,Lv6,IM2,1.2개,2.1개,1.1회,1.4회,1.6회,2회
비플라이소프트(주),3.53/4.5,725점,Lv5,IM3,1개,2개,1.1회,1회,4.5회,2.4회
현대오토에버(주),3.68/4.5,833점,Lv6,IM3,1개,1.8개,1.3회,1.1회,1.5회,1.5회
한국맥도날드(유),3.54/4.5,782점,Lv6,IM2,1.3개,2.2개,1.3회,1.4회,1.5회,1.8회
(주)위메프,3.55/4.5,784점,Lv6,IM2,1.1개,2.1개,1.4회,2회,1.8회,1.9회
인카금융서비스㈜,3.55/4.5,803점,Lv6,-,1개,2.1개,1회,1회,1.3회,1.6회
유니슨(주),3.65/4.5,806점,Lv6,IM1,1.3개,2.8개,1.4회,-,1.3회,2.3회
동화기업(주),3.58/4.5,851점,Lv6,IM3,1.5개,2.9개,1.2회,1.6회,2.5회,2.3회
굿어스(주),3.41/4.5,739점,-,IM1,-,2.9개,1회,1회,2.6회,2.3회
(재)한국의학연구소,3.56/4.5,716점,-,IM3,1개,2.1개,1회,1.8회,1.7회,2회
능원금속공업(주),3.42/4.5,778점,Lv6,-,1개,1.8개,1.7회,1회,2.3회,1.2회
네이버아이앤에스(주),3.52/4.5,890점,-,IH,1개,2.6개,1.4회,2회,2회,1.5회
(주)비에스케이코퍼레이션,3.7/4.5,920점,Lv6,IL,1개,2.7개,1회,2.2회,1.5회,1.8회
(주)파고다아카데미,3.69/4.5,874점,Lv7,IH,1.2개,1.8개,1.3회,1.3회,1.8회,1.7회
(주)인트론바이오테크놀로지,3.7/4.5,741점,Lv6,IH,1개,1.6개,1.1회,-,1회,1회
SK텔레콤(주),3.66/4.5,835점,Lv6,IM3,1개,1.9개,1.2회,1.2회,1.4회,1.3회
(주)태영건설,3.62/4.5,807점,Lv6,-,-,1.9개,1.2회,1회,3회,-
인탑스(주),3.65/4.5,764점,-,-,1.3개,1.9개,1.7회,1회,2회,1.6회
(주)위메이드,3.54/4.5,791점,Lv6,IM3,1개,2.5개,1.3회,2.2회,1.7회,2회
(주)한국거래소,3.76/4.5,886점,Lv6,IH,-,2.6개,1.1회,1.3회,2회,1회
브리티쉬아메리칸토바코코리아(주),3.49/4.5,887점,Lv8,AL,1개,2.1개,1.1회,1회,1회,1.6회
신영증권(주),3.75/4.5,833점,Lv6,IM1,1.3개,1.9개,1.4회,1회,2.3회,2.3회
(주)한섬,3.67/4.5,808점,Lv6,IM3,1.1개,2.2개,1.2회,1.4회,1.6회,1.6회
한국마이크로소프트(유),3.54/4.5,834점,Lv7,IM3,1개,2개,1.3회,1.8회,1.3회,1.9회
(주)국보디자인,3.68/4.5,776점,Lv6,IM2,1.1개,2.1개,1.2회,1.7회,2.2회,2.2회
㈜에임메드,3.76/4.5,735점,-,-,1개,2.2개,1.3회,1회,-,1.3회
(주)다원시스,3.6/4.5,740점,-,-,1개,1.8개,1.3회,1.5회,1.5회,1회
㈜GS ITM,3.62/4.5,753점,Lv6,IM3,-,3.1개,1.5회,1회,1.3회,1회
한솔요리학원,3.8/4.5,630점,-,IL,1개,3개,1.3회,4회,1.8회,1회
동양E&P㈜,3.4/4.5,753점,Lv6,-,-,1.8개,1회,1회,-,1회
㈜재능이아카데미,3.58/4.5,818점,-,IH,1개,2.5개,1회,1.3회,3회,1.7회
바다원(주),3.44/4.5,788점,-,-,1개,2.5개,1회,2회,2회,3회
(주)네오플,3.6/4.5,745점,Lv6,IL,1개,2.1개,1.2회,1회,2.5회,1.5회
(주)코리아센터,3.62/4.5,728점,Lv7,IM2,1.3개,2.6개,1.2회,1.9회,1.7회,1.6회
에스케이렌터카(주),3.54/4.5,799점,Lv6,-,1개,1.8개,1.3회,1.3회,-,1.5회
(주)에듀윌,3.69/4.5,797점,Lv6,IM3,1개,2.4개,1.4회,1.8회,2.1회,2.2회
현대모비스(주),3.67/4.5,828점,Lv6,IM3,1.2개,2개,1.1회,1.2회,1.4회,1.5회
㈜비아트론,3.45/4.5,773점,-,-,1개,2.1개,1회,2회,-,1.5회
현대성우오토모티브코리아㈜,3.57/4.5,862점,Lv5,-,1.5개,2.6개,1.2회,1회,3회,1.8회
㈜아모제,3.65/4.5,757점,Lv6,IM3,1.1개,2.3개,1.5회,2.2회,1.9회,1.9회
위본모터스㈜,3.63/4.5,748점,-,IH,2개,2.2개,2.2회,-,1회,1회
(주)마크애니,3.64/4.5,781점,Lv6,IM2,1개,2.4개,1.5회,1.3회,1회,1.9회
(주)다날,3.5/4.5,811점,Lv6,IM3,1.2개,2개,1.4회,1.2회,2.1회,1.8회
자라리테일코리아(주),3.63/4.5,776점,Lv6,IM2,1.2개,2개,1.3회,2.2회,1.4회,2회
대보정보통신(주),3.64/4.5,790점,Lv5,-,2개,2.5개,1회,3회,1회,2회
(주)토다이코리아,3.61/4.5,738점,Lv6,-,1개,2.1개,1.2회,1.8회,1회,1.6회
(주)토마토시스템,3.73/4.5,833점,Lv5,-,-,2.7개,2회,1회,1.5회,-
㈜환경과학기술,3.62/4.5,733점,-,-,1.3개,1.8개,1회,1회,1.5회,1회
줌인터넷㈜,3.72/4.5,781점,Lv6,IM1,1개,2.5개,1.3회,2회,2회,2.9회
SK플래닛,3.61/4.5,830점,Lv6,IM2,1개,1.9개,1.2회,1.1회,1.5회,1.5회
㈜경봉,3.57/4.5,-,-,-,-,2개,1회,2회,3.7회,1.8회
한국전파기지국㈜,3.51/4.5,775점,-,-,1개,2개,1회,2.7회,-,1.3회
(주)카카오,3.58/4.5,776점,Lv7,IM2,1.2개,2개,1.1회,1.6회,1.6회,1.8회
(주)동아지질,3.64/4.5,748점,Lv5,IM3,1개,2.1개,1.8회,2회,1회,1.3회
(주)삼진,3.62/4.5,680점,-,-,1.7개,1.9개,1.3회,-,1.3회,2.3회
LG CNS,3.58/4.5,827점,Lv6,IM3,1.2개,2개,1.1회,1.3회,1.3회,1.4회
삼성전자(주),3.71/4.5,831점,Lv6,IM3,1.2개,2.1개,1.3회,1.3회,2회,1.9회
국민건강보험공단일산병원,3.88/4.5,827점,Lv6,IM3,-,2.7개,1.1회,1.1회,1회,1.6회
한국전력공사,3.66/4.5,849점,Lv6,IM3,1.2개,2.4개,1.2회,1.3회,1.6회,1.7회
GS칼텍스㈜,3.82/4.5,847점,Lv7,IM3,1.2개,2개,1.2회,1회,1.6회,1.2회
한국가스공사,3.6/4.5,813점,Lv6,IM3,1.3개,2.4개,1.4회,1.2회,1.6회,1.5회
S-OIL,3.73/4.5,888점,Lv6,IH,1.2개,1.9개,1.1회,1회,1.4회,1.4회
(주)포스코,3.75/4.5,849점,Lv6,IM3,1.3개,2.2개,1.3회,1.4회,1.6회,1.7회
삼성디스플레이(주),3.68/4.5,816점,Lv6,IM2,1.2개,2.2개,1.5회,1.3회,1.7회,1.5회
기아자동차(주),3.73/4.5,844점,Lv6,IM3,1.2개,1.8개,1.2회,1.2회,1.5회,1.4회
LG전자(주),3.67/4.5,828점,Lv6,IM3,1.2개,1.9개,1.2회,1.2회,1.5회,1.3회
LG디스플레이,3.66/4.5,802점,Lv6,IM2,1.2개,2개,1.2회,1.1회,1.7회,1.3회
한국조선해양(주),3.7/4.5,826점,Lv6,IM2,1.1개,2개,1.3회,1.3회,1.6회,1.4회
SK네트웍스(주),3.7/4.5,884점,Lv6,IH,1개,1.9개,1.2회,1.2회,1.3회,1.5회
현대오일뱅크(주),3.67/4.5,858점,Lv6,IH,1.2개,2개,1.2회,1.5회,1.5회,1.7회
(주)LG화학,3.77/4.5,848점,Lv6,IM3,1.2개,2개,1.2회,1.2회,1.6회,1.7회
삼성물산(주),3.69/4.5,866점,Lv7,IM3,1.4개,2.4개,1.3회,1.5회,1.5회,1.4회
㈜KT,3.65/4.5,843점,Lv6,IM3,1.1개,2개,1.4회,1.2회,1.4회,1.6회
(주)포스코인터내셔널,3.63/4.5,912점,Lv7,IH,1.3개,2.3개,1.4회,1.2회,1.9회,1.5회
롯데쇼핑(주),3.67/4.5,828점,Lv7,IM3,1.2개,2.2개,1.2회,1.4회,1.7회,1.6회
한국지엠(주),3.57/4.5,817점,Lv7,IH,1개,1.9개,1.2회,1회,1.8회,1.7회
삼성중공업(주),3.68/4.5,810점,Lv6,IM3,1.3개,2개,1.2회,1.3회,1.8회,1.7회
대우조선해양(주),3.75/4.5,811점,Lv6,IM3,1.2개,2개,1.3회,1.4회,2.1회,1.8회
국민연금공단,3.65/4.5,785점,Lv6,IM2,1.3개,2.3개,1.2회,1.3회,2.1회,1.7회
현대제철(주),3.67/4.5,831점,Lv6,IM3,1.2개,2.1개,1.3회,1.4회,1.5회,1.7회
농업협동조합중앙회,3.58/4.5,747점,Lv6,IM2,1개,2.7개,1.1회,1.7회,1.2회,1.4회
롯데케미칼(주),3.75/4.5,818점,Lv6,IM3,1.1개,2.2개,1.2회,1.3회,1.4회,1.3회
(주)대한항공,3.64/4.5,819점,Lv6,IH,1.2개,1.9개,1.2회,1.1회,1.6회,1.6회
LG유플러스,3.61/4.5,824점,Lv6,IM3,1.1개,1.9개,1.2회,1.2회,1.6회,1.8회
(주)이마트,3.55/4.5,842점,Lv6,IM3,1개,2.1개,1.1회,1.5회,1.3회,1.5회
현대건설(주),3.61/4.5,825점,Lv6,IM3,1.2개,2.2개,1.3회,1.2회,1.7회,1.5회
현대글로비스(주),3.74/4.5,903점,Lv6,IM3,1.2개,2.6개,1.3회,1.3회,1.4회,2.2회
㈜한진해운,3.72/4.5,871점,Lv7,IM3,1.2개,2.3개,1.5회,1.5회,1회,2회
(주)효성,3.65/4.5,855점,Lv6,IM3,1.2개,1.8개,1.2회,1.2회,1.9회,1.4회
삼성엔지니어링(주),3.59/4.5,854점,Lv6,IM3,1.1개,2개,1.3회,1.4회,1.7회,1.5회
(주)포스코건설,3.64/4.5,843점,Lv6,IM3,1.1개,1.9개,1.2회,1.2회,1.4회,1.4회
한국마사회,3.55/4.5,743점,Lv6,IM1,1.2개,2개,1.2회,1.3회,2.2회,1.7회
여천엔씨씨(주),3.77/4.5,858점,-,AL,-,2.6개,1회,1회,2회,1.6회
LS니꼬동제련㈜,3.71/4.5,885점,Lv6,IH,-,2개,1회,1회,1.5회,1회
한국남부발전(주),3.66/4.5,819점,Lv6,IM3,1개,2.8개,1.2회,1.3회,1.8회,1.8회
홈플러스(주),3.58/4.5,827점,Lv6,IM3,1개,2개,1.3회,1.4회,1.7회,1.7회
한국도로공사,3.57/4.5,838점,Lv6,IH,1.4개,2.3개,1.8회,1회,1.8회,1.9회
두산중공업(주),3.6/4.5,785점,Lv6,IM2,1.1개,2.2개,1.2회,1.3회,1.6회,1.4회
(주)E1,3.76/4.5,894점,Lv7,AL,-,1.8개,1회,1.1회,1회,1.4회
현대위아(주),3.69/4.5,841점,Lv7,IM3,1.3개,1.9개,1.2회,1.2회,1.6회,1.4회
삼성전기(주),3.69/4.5,833점,Lv6,IM2,1.3개,2.1개,1.2회,1.2회,1.5회,2회
한국서부발전(주),3.58/4.5,793점,Lv6,IH,1개,2.4개,1.2회,1.3회,1.3회,1.5회
아시아나항공(주),3.67/4.5,802점,Lv6,IM3,1.2개,1.9개,1.2회,1.1회,1.3회,1.3회
현대엔지니어링(주),3.67/4.5,850점,Lv6,IH,1.1개,1.9개,1.2회,1.1회,1.4회,1.4회
한국동서발전(주),3.59/4.5,835점,Lv6,IM2,1개,2.2개,1회,1.3회,1.6회,1.4회
(주)한화,3.71/4.5,847점,Lv6,IH,1.1개,1.9개,1.2회,1.3회,1.6회,2.2회
삼성에스디에스(주),3.64/4.5,819점,Lv6,IM3,1.1개,2개,1.1회,1.1회,1.8회,1.4회
한국철도공사,3.62/4.5,801점,Lv6,IM3,1.2개,2.8개,1.3회,1.2회,1.9회,2.4회
현대종합상사㈜,3.71/4.5,859점,Lv6,IH,1.3개,1.7개,1.5회,1.4회,1.3회,1.3회
롯데건설(주),3.66/4.5,835점,Lv6,IM3,1.4개,2개,1.3회,1.2회,1.6회,1.2회
고려아연(주),3.49/4.5,793점,Lv6,IH,1개,2.2개,1.2회,2.5회,2회,1.4회
SK가스(주),3.71/4.5,899점,Lv6,IH,1.5개,2.1개,1회,1회,1.1회,1.7회
금호석유화학(주),3.71/4.5,820점,Lv6,IM3,1.3개,2개,1.1회,1.1회,1.7회,1.5회
한국남동발전(주),3.52/4.5,835점,Lv6,IH,1개,2.9개,1.5회,1.3회,1회,1.7회
동국제강(주),3.65/4.5,838점,Lv6,IH,1.4개,2.2개,1.2회,1.2회,1.7회,1.6회
코오롱인더스트리(주),3.64/4.5,845점,Lv6,IH,1.3개,2.2개,1.2회,1.1회,1.4회,1.6회
한국타이어앤테크놀로지(주),3.67/4.5,834점,Lv6,IM2,1.3개,2.1개,1회,1.3회,2.3회,1.6회
두산인프라코어(주),3.63/4.5,803점,Lv6,IM1,1.2개,2.2개,1.2회,1.2회,1.4회,1.3회
(주)한화건설,3.52/4.5,810점,Lv6,IM2,1개,2개,1.3회,1.2회,2.3회,1.4회
한국농어촌공사,3.58/4.5,761점,Lv6,IH,1.1개,2.2개,1.2회,1.7회,1.6회,1.3회
롯데하이마트(주),3.59/4.5,808점,Lv6,IM3,1.1개,2개,1.3회,1.3회,1.4회,1.9회
현대삼호중공업(주),3.68/4.5,769점,Lv6,-,1개,2.1개,1.4회,1.1회,1.6회,1.5회
(주)삼천리,3.68/4.5,838점,-,-,1개,2.2개,1.3회,1회,1.3회,1회
(주)현대미포조선,3.65/4.5,781점,-,-,1개,1.7개,1.3회,1.2회,1.6회,1.2회
서울주택도시공사,3.71/4.5,878점,Lv6,IH,-,2.5개,1.4회,1.3회,2.3회,2.3회
LS전선㈜,3.57/4.5,823점,Lv6,IH,1.2개,2개,1.2회,1.1회,1.5회,1.7회
쌍용자동차(주),3.55/4.5,795점,Lv6,IH,1개,1.9개,1.2회,1회,-,1회
(주)호텔롯데,3.66/4.5,769점,Lv6,IM2,1.2개,2.2개,1.2회,1.4회,1.5회,1.7회
르노삼성자동차(주),3.55/4.5,802점,Lv7,IH,1.2개,2개,1.2회,1.5회,1.7회,1.4회
현대파워텍(주),3.63/4.5,823점,Lv6,IM3,1개,2.2개,1.3회,1.1회,1.3회,1.4회
㈜BGF리테일,3.69/4.5,833점,Lv6,IM3,1개,2.2개,1.1회,1.1회,1.7회,1.6회
코오롱글로벌(주),3.6/4.5,805점,Lv6,IH,1.4개,2.1개,1.2회,1.2회,1.7회,1.6회
현대로템(주),3.63/4.5,787점,Lv6,IM2,1.2개,2.2개,1.4회,1.2회,1.4회,1.3회
삼성물산(주),3.64/4.5,830점,Lv7,IM3,1.2개,2개,1.2회,1.6회,1.9회,1.9회
삼성SDI(주),3.7/4.5,804점,Lv6,IM3,1.2개,2개,1.3회,1.2회,1.9회,1.7회
포스코에너지(주),3.81/4.5,822점,Lv6,IM3,1개,2.7개,1.3회,1.3회,2.3회,1.4회
HDC(주),3.53/4.5,795점,Lv6,IM2,1.5개,2.1개,1.2회,1.8회,4회,1.3회
(주)KCC,3.68/4.5,834점,Lv6,IH,1개,2.1개,1회,1.2회,1.2회,1.4회
㈜포스코P&S,3.73/4.5,920점,Lv7,AL,1.3개,2.1개,1.2회,1.3회,-,1회
(주)아모레퍼시픽,3.67/4.5,837점,Lv6,IM3,1.2개,2.1개,1.2회,1.3회,2.1회,1.5회
SK루브리컨츠(주),3.75/4.5,878점,-,-,-,2.1개,1회,1회,1.2회,1회
SK브로드밴드(주),3.64/4.5,823점,Lv6,IH,1.1개,1.9개,1.2회,1.2회,2.9회,1.9회
(주)코스트코코리아,3.54/4.5,829점,Lv6,IM3,1.1개,2.1개,1.2회,1.6회,1.4회,1.5회
태광산업(주),3.64/4.5,861점,Lv6,IH,1.5개,2.4개,1회,1회,1회,2.8회
(주)케이티앤지,3.7/4.5,828점,Lv6,IM2,1개,2개,1.2회,1.2회,2.8회,1.2회
한화에어로스페이스(주),3.61/4.5,816점,Lv6,IM2,1.4개,2.2개,1.2회,1.1회,1.4회,1.2회
팬오션(주),3.68/4.5,878점,Lv6,IH,1개,2.1개,1.1회,1.1회,1회,1.3회
코닝정밀소재(주),3.63/4.5,842점,Lv7,IM3,1.5개,2.4개,1.1회,1.6회,2.1회,1.3회
(주)풍산,3.63/4.5,789점,-,IH,-,2.7개,1회,1회,2회,2회
한온시스템(주),3.66/4.5,805점,Lv6,IM2,1.2개,2개,1.2회,1회,1.6회,1회
(주)호텔신라,3.69/4.5,790점,Lv6,IM3,1.1개,2.3개,1.3회,1.5회,1.8회,1.4회
한국바스프(주),3.6/4.5,811점,Lv7,IH,1.4개,2.2개,1.4회,1.6회,1.4회,1.5회
(주)LG생활건강,3.62/4.5,861점,Lv6,IH,1.2개,2.1개,1.2회,1.2회,1.6회,1.4회
STX조선해양㈜,3.68/4.5,800점,Lv6,IM2,1개,1.9개,1.1회,1회,1회,1.4회
OCI㈜,3.63/4.5,850점,Lv6,IH,1.3개,2.3개,1.3회,1.1회,1.6회,1.2회
두산건설(주),3.65/4.5,805점,Lv6,IM3,1개,2.2개,1회,1.3회,1.4회,1.6회
아우디폭스바겐코리아(주),3.59/4.5,821점,-,IH,1개,1.5개,1.5회,1회,2회,1.3회
(주)코리아세븐,3.58/4.5,831점,Lv6,IM3,1.3개,2.2개,1.2회,1.3회,1.7회,1.7회
롯데로지스틱스투자(주),3.64/4.5,871점,Lv6,IM2,1개,2.1개,1.3회,1.4회,1.7회,1.9회
(주)세아베스틸,3.72/4.5,819점,-,IM2,1개,2개,1.3회,1회,3회,1.3회
㈜GS글로벌,3.69/4.5,799점,Lv7,AL,1.3개,2.5개,1.5회,1.5회,1회,1.5회
롯데칠성음료(주),3.63/4.5,816점,Lv6,IH,1.4개,2.3개,1.2회,1.4회,1.4회,1.8회
삼성전자판매(주),3.56/4.5,745점,Lv6,IM1,1.1개,2.2개,1.5회,1.5회,1.9회,2회
한국항공우주산업(주),3.72/4.5,804점,Lv7,IM2,1.1개,2.2개,1.4회,1.3회,1.8회,1.4회
(주)이랜드리테일,3.59/4.5,828점,Lv6,IM2,1.1개,2.1개,1.3회,1.2회,1.7회,1.6회
웅진코웨이(주),3.65/4.5,781점,Lv6,IM3,1.2개,2개,1.3회,1.6회,1.5회,1.8회
(주)한진중공업,3.65/4.5,830점,Lv6,IM3,1개,1.8개,1.2회,1.5회,2.2회,1.8회
대한전선(주),3.58/4.5,806점,Lv7,IM2,1개,2.1개,1.3회,1.5회,1.5회,1.8회
(주)STX,3.74/4.5,883점,Lv7,IM3,1.1개,1.7개,1.1회,1.2회,1.2회,1.3회
볼보그룹코리아(주),3.67/4.5,853점,-,IM3,1개,2개,1.3회,1.5회,-,1회
서울도시가스(주),3.49/4.5,837점,-,-,1개,1.9개,1.3회,-,1.3회,1회
(주)농심,3.72/4.5,811점,Lv6,IM2,1.1개,2.2개,1.1회,1.1회,1.7회,1.5회
노벨리스코리아(주),3.61/4.5,823점,Lv7,IM3,1.5개,2.5개,1.1회,1.2회,2회,2.2회
SKC(주),3.59/4.5,813점,Lv6,IH,1.4개,1.9개,1.1회,1회,1.5회,1.3회
SK㈜,3.55/4.5,798점,Lv6,IH,1.1개,2.1개,1.3회,1.1회,1.4회,1.1회
(주)이수화학,3.64/4.5,810점,Lv6,-,-,2.1개,1회,1회,2.5회,1.1회
LS산전(주),3.68/4.5,792점,Lv6,IM1,1.5개,2개,1회,1회,1.4회,1.5회
경기도시공사,3.58/4.5,778점,Lv6,IM2,1.2개,2.1개,1.4회,1.6회,2.5회,1.9회
홈플러스스토어즈(주),3.76/4.5,878점,-,-,-,2.3개,1.2회,1회,-,1회
(주)세아제강지주,3.67/4.5,820점,Lv6,IM3,1.4개,2.6개,1.6회,1.4회,1회,2회
(주)두산,3.53/4.5,779점,Lv6,IM3,1개,1.8개,1.4회,1회,2.1회,1.6회
파리크라상,3.69/4.5,770점,Lv6,IM2,1.2개,2.3개,1.3회,1.8회,1.6회,1.8회
하이트진로(주),3.64/4.5,822점,Lv6,IM2,1.3개,2개,1.1회,1.5회,1.3회,1.5회
롯데지주㈜,3.58/4.5,807점,Lv6,IM2,1개,2.1개,1.2회,1.5회,1.8회,1.7회
현대트랜시스(주),3.59/4.5,839점,Lv6,IM3,1개,1.9개,1.1회,1.3회,1.5회,1.6회
코원에너지서비스(주),3.53/4.5,812점,Lv7,-,2개,2.2개,1.3회,1.9회,1.5회,1.3회
대상(주),3.62/4.5,800점,Lv6,IM2,1개,1.9개,1.2회,1.2회,1.5회,1.7회
롯데푸드(주),3.67/4.5,782점,Lv6,IM2,1개,2개,1회,1회,1.5회,1.1회
쌍용건설(주),3.58/4.5,827점,Lv6,IM2,-,2.2개,1.5회,1.5회,1.4회,1.4회
(주)신세계,3.65/4.5,879점,Lv6,IM3,1개,2개,1.2회,1.2회,1.4회,1.4회
동서식품(주),3.78/4.5,865점,Lv7,IH,1.7개,2.1개,1.4회,1.3회,-,1.4회
(주)현대케피코,3.71/4.5,848점,Lv6,IM3,-,2.3개,1.3회,1회,1.5회,1회
SK이노베이션(주),3.83/4.5,868점,Lv6,IM3,2개,1.8개,1.2회,1.2회,2회,1.4회
오비맥주(주),3.61/4.5,836점,Lv6,IH,1개,2.3개,1.1회,1.6회,1.6회,2.5회
SK디스커버리,3.76/4.5,824점,Lv6,IM3,1개,1.7개,1.2회,1.1회,1.3회,1.4회
앰코테크놀로지코리아(주),3.7/4.5,816점,Lv6,IM3,1.1개,2.1개,1.4회,1.4회,1.6회,1.4회
(주)한라,3.7/4.5,820점,Lv6,IM2,1.3개,2개,1회,1회,2회,1.2회
금호산업(주),3.58/4.5,849점,Lv6,IH,1개,1.9개,1.4회,1회,1.7회,1.3회
에스케이마리타임(주),3.75/4.5,866점,Lv5,-,1개,2.1개,1.5회,1회,-,1회
(주)LF,3.67/4.5,873점,Lv7,IH,1개,1.9개,1.5회,1.3회,2.1회,1.8회
쌍용양회공업(주),3.64/4.5,798점,Lv6,IH,1.2개,1.9개,1.2회,1회,2회,1.7회
SPP조선㈜,3.57/4.5,772점,Lv6,IM2,1개,2.3개,1회,1회,1회,1.5회
한신공영㈜,3.52/4.5,818점,-,IH,1개,2.2개,1.1회,1.6회,1.8회,1.9회
넥센타이어(주),3.59/4.5,783점,Lv6,IM1,1.3개,2.3개,1.1회,1.3회,1.4회,1.6회
유한킴벌리(주),3.63/4.5,860점,Lv6,IM3,1.7개,2.1개,1.3회,1.3회,1.9회,2회
메르세데스벤츠코리아(주),3.57/4.5,834점,Lv7,AL,1개,2.3개,1.4회,3회,-,1회
(주)강원랜드,3.67/4.5,790점,Lv6,IH,1.3개,2개,1.3회,1회,2.2회,3회
(주)팬택자산관리,3.61/4.5,826점,Lv6,IM2,1.1개,1.9개,1.2회,1.2회,1.5회,1.6회
글로벌세아(주),3.7/4.5,895점,Lv7,IM2,1.1개,2.1개,1.3회,1.4회,1.8회,1.4회
롯데정밀화학(주),3.77/4.5,817점,Lv6,IM3,1.2개,1.9개,1.5회,1.2회,2회,1.5회
한국쓰리엠(주),3.51/4.5,845점,Lv6,IH,1개,2.7개,1.3회,1.5회,1.7회,2회
(주)서원홀딩스,3.51/4.5,670점,Lv5,-,1개,2.2개,1회,1.2회,2.5회,2.5회
(주)부영주택,3.68/4.5,760점,Lv6,IM3,1개,2.2개,1.5회,1회,1.8회,1.7회
도레이첨단소재(주),3.63/4.5,837점,Lv6,IM2,1.6개,2개,1.1회,1.3회,2.3회,1.6회
(주)판토스,3.71/4.5,864점,Lv6,IM3,1.2개,2.5개,1.3회,1.5회,1.4회,1.9회
(주)삼양사,3.68/4.5,872점,Lv6,AL,-,2개,1회,1회,1회,2.8회
(주)한양,3.61/4.5,787점,-,IM2,-,1.9개,1회,-,-,2회
(주)포스코케미칼,3.74/4.5,849점,Lv7,IH,1.3개,2.3개,1.3회,2회,2.3회,1.5회
삼성전자서비스(주),3.56/4.5,680점,Lv6,IM2,1.3개,2.1개,1.2회,1.5회,1.5회,1.6회
(주)현대그린푸드,3.63/4.5,812점,Lv6,IH,1.3개,2.5개,1.1회,1.4회,1.7회,1.8회
소니코리아(주),3.57/4.5,773점,Lv6,IM1,1.4개,2개,1.3회,1.8회,2.5회,1.3회
한국환경공단,3.59/4.5,744점,Lv6,IM1,1.2개,2.2개,1.1회,1.2회,1.3회,1.7회
(주)휴비스,3.8/4.5,831점,-,IM3,1개,2.4개,1.2회,1.5회,2회,1.4회
(주)한진,3.67/4.5,841점,Lv6,IH,1.1개,2.5개,1.3회,1.3회,1.4회,2회
서울대학교병원,3.74/4.5,800점,Lv6,IH,1.1개,2.2개,1.5회,1.4회,1.6회,1.9회
(주)동원F&B,3.59/4.5,802점,Lv6,IM2,1.2개,2.3개,1.1회,1.3회,1.4회,1.9회
한국아이비엠(주),3.63/4.5,841점,Lv6,IM3,1.1개,2.2개,1.2회,1.2회,2.1회,1.5회
한국산업기술진흥원,3.62/4.5,836점,Lv6,IM3,1.4개,2.3개,1.2회,1.4회,1.4회,2.3회
(주)부산도시가스,3.65/4.5,852점,Lv6,IL,1개,2.4개,1회,1.1회,1회,1회
엘아이지넥스원(주),3.75/4.5,807점,Lv6,IM1,-,1.8개,1.2회,1.4회,1.9회,1.5회
남양유업(주),3.67/4.5,794점,Lv6,IM3,1개,2.4개,1회,1.6회,1회,1.5회
에스트라오토모티브시스템(주),3.5/4.5,825점,Lv7,IM2,1.2개,1.8개,1.6회,1.5회,1.3회,2.2회
대한제당(주),3.51/4.5,849점,Lv6,IM3,1개,1.9개,1.3회,1.3회,3회,2.2회
(주)농협유통,3.51/4.5,801점,Lv6,-,1.3개,1.9개,1.3회,1.5회,1회,2회
한세실업(주),3.69/4.5,850점,Lv7,IH,1개,1.7개,1.3회,1.9회,1.4회,2.9회
(주)에스원,3.67/4.5,731점,Lv6,IM2,1개,2.4개,1.1회,1.9회,2.4회,1.4회
(주)아워홈,3.65/4.5,750점,Lv6,IM2,1.2개,2.3개,1.2회,1.7회,1.8회,1.7회
매일유업(주),3.64/4.5,858점,Lv6,IM2,1.1개,2개,1.3회,1.5회,2.1회,2.1회
한국석유공사,3.67/4.5,843점,Lv6,IM2,1개,2.5개,1.4회,1.3회,1.4회,1.6회
(주)현대백화점,3.58/4.5,785점,Lv6,IH,1.1개,1.9개,1.2회,1.7회,2회,1.9회
한전KPS(주),3.55/4.5,805점,Lv6,IM2,1.3개,2.5개,1.1회,1.3회,2.3회,1.3회
고려해운(주),3.66/4.5,808점,Lv6,IM3,1개,2.4개,1.3회,1.3회,1.3회,1.4회
(주)경신,3.61/4.5,756점,Lv6,IH,1개,2.5개,1.3회,1.3회,1.4회,1회
㈜대우전자,3.59/4.5,817점,Lv6,IM2,1개,2.3개,1.3회,1.2회,2.2회,1.8회
피에스앤마케팅(주),3.45/4.5,797점,Lv6,IM2,1.1개,2.2개,1.4회,1.7회,1.5회,1.7회
(주)영원무역,3.7/4.5,889점,Lv7,IH,1개,2.2개,1.2회,1.8회,2회,1.3회
한국옵티칼하이테크(주),3.52/4.5,747점,Lv6,-,1.3개,2개,1.7회,1.7회,1.4회,1.4회
(주)유라코퍼레이션,3.44/4.5,810점,Lv6,IM2,1.3개,2.4개,1.2회,1.2회,1.7회,1.6회
STX중공업(주),3.75/4.5,801점,Lv6,IM3,-,2개,1.3회,1회,1회,1.3회
GS파워㈜,3.08/4.5,822점,Lv6,IM2,-,1.5개,1회,-,-,3회
(주)지오영,3.4/4.5,798점,Lv7,-,1개,1.8개,1.2회,1회,1.7회,1.5회
삼성전자로지텍(주),3.44/4.5,784점,Lv7,AL,1개,2개,1.3회,1.3회,-,1.2회
서울메트로,3.58/4.5,794점,Lv6,IM3,1.2개,2.2개,1.2회,1.4회,1.5회,2.1회
현대엘리베이터(주),3.62/4.5,828점,Lv6,IM3,1개,2.3개,1.5회,1.5회,1.9회,1.5회
한국니토옵티칼㈜,3.73/4.5,807점,Lv7,-,1.2개,2.3개,1.2회,2.5회,2회,1.2회
㈜GS E&R,3.83/4.5,880점,Lv6,-,1개,2.1개,1.7회,1.8회,1.4회,2.2회
(주)케이씨씨건설,3.58/4.5,817점,Lv6,-,1개,2개,1.2회,1.1회,1회,1.4회
(주)영풍,3.43/4.5,756점,Lv3,-,-,2.3개,1.2회,-,2회,1.5회
㈜포스코ICT,3.75/4.5,815점,Lv6,-,1개,2.4개,1.4회,1.3회,2회,1회
계룡건설산업(주),3.53/4.5,802점,Lv6,IM1,1.4개,2.1개,1.3회,1.8회,1.6회,1.6회
한국무역보험공사,3.69/4.5,803점,Lv7,IM1,1.1개,2.6개,1.2회,1.8회,1.3회,1.5회
㈜GS홈쇼핑,3.61/4.5,888점,Lv7,IH,1개,1.7개,1.1회,1.5회,1.4회,1.6회
한화호텔앤드리조트(주),3.66/4.5,811점,Lv6,IM3,1.2개,2.2개,1.3회,1.4회,1.8회,1.5회
금호피앤비화학㈜,4.04/4.5,813점,-,-,-,2.6개,1회,-,3회,1.3회
대한제강(주),3.62/4.5,843점,Lv6,IM2,1개,2.8개,1.4회,1.1회,1.3회,1.1회
(주)히타치엘지데이터스토리지코리아,3.54/4.5,776점,-,IH,1.1개,2개,1.5회,1.8회,1회,1회
㈜포스코엔지니어링,3.68/4.5,827점,Lv6,IM3,1.2개,2.2개,1.1회,1회,1.5회,1.2회
(주)파트론,3.64/4.5,675점,Lv6,IM1,1.2개,2.4개,1.2회,1.3회,1.7회,1.7회
성동조선해양(주),3.57/4.5,766점,Lv6,IM2,1.1개,2.1개,1.3회,1.7회,1.4회,1.5회
㈜CJ헬로,3.69/4.5,827점,Lv6,IM2,1개,2개,1회,1.2회,1.6회,1.3회
희성전자(주),3.44/4.5,721점,Lv6,-,-,2.1개,1회,1.5회,-,2회
코카콜라음료(주),3.47/4.5,655점,-,IH,1개,1.8개,1.2회,2회,1.5회,1.5회
동부건설(주),3.59/4.5,812점,Lv6,IM3,1.3개,1.9개,1.1회,1회,1.5회,1회
(주)인터플렉스,3.53/4.5,787점,Lv6,IM3,1개,2개,1.3회,1.6회,1.3회,1.8회
롯데알미늄(주),3.53/4.5,779점,Lv7,IL,1.3개,2.3개,1.6회,1.7회,2.1회,1.5회
LT메탈,3.76/4.5,743점,Lv7,-,1.3개,1.8개,1.3회,2회,2.5회,3회
롯데지알에스(주),3.6/4.5,747점,Lv6,IM3,1.1개,2.2개,1.2회,1.5회,1.7회,1.7회
서울반도체(주),3.63/4.5,782점,Lv6,IM2,1.1개,2.1개,1.2회,1.1회,2.1회,1.6회
SPC삼립,3.55/4.5,833점,Lv6,IM2,1.2개,2.3개,1.4회,1.3회,2.3회,1.8회
텍사스인스트루먼트코리아(주),3.71/4.5,859점,Lv7,IH,1개,2.3개,1회,1회,1회,2.3회
(주)휴맥스,3.56/4.5,911점,Lv6,IM3,1.5개,1.9개,1회,1회,1.4회,1.6회
한일홀딩스(주),3.53/4.5,822점,Lv6,-,-,1.8개,1.3회,-,2회,1회
(주)호반건설,3.64/4.5,828점,Lv6,IM3,1.5개,1.9개,1회,2회,1.5회,2.2회
(주)한샘,3.61/4.5,802점,Lv6,IM3,1개,1.9개,1.3회,1.4회,1.7회,1.9회
SK E&S,3.72/4.5,839점,Lv6,IH,1개,2개,1.2회,1.1회,1.2회,1.6회
CJ푸드빌㈜,3.64/4.5,811점,Lv6,IM2,1.1개,2.1개,1.2회,1.2회,1.6회,1.3회
(주)성우하이텍,3.56/4.5,744점,Lv5,IM1,1개,2.3개,1.3회,1회,1.7회,1.7회
롯데글로벌로지스(주),3.66/4.5,812점,Lv6,IM3,1.4개,2.3개,1.5회,1.6회,2.1회,1.8회
(주)유한양행,3.57/4.5,800점,Lv6,IM2,1.3개,2.1개,1.4회,1.7회,1.1회,2회
태광실업(주),3.68/4.5,822점,Lv6,-,1개,2개,1.3회,1.5회,1.3회,1.9회
(주)제일기획,3.66/4.5,853점,Lv6,IM3,1.1개,1.8개,1.3회,1.2회,2.2회,2회
에이지씨화인테크노한국(주),3.56/4.5,831점,-,-,1.4개,2.4개,1.4회,1회,3회,1.4회
세방전지(주),3.76/4.5,836점,Lv7,IH,1개,2.4개,1.3회,-,2회,2회
매그나칩반도체(유),3.68/4.5,760점,Lv5,IM2,1개,2.1개,1.1회,1.3회,1.3회,1회
CJ E&M㈜,3.62/4.5,863점,Lv6,IH,1.2개,1.8개,1.2회,1.3회,1.5회,1.4회
폴리미래(주),3.7/4.5,853점,Lv6,IL,1개,1.8개,1.7회,-,2.7회,1회
비테스코테크놀로지스코리아(주),3.49/4.5,808점,Lv7,IM3,2개,1.8개,1.3회,1회,1.5회,1.7회
도레이케미칼(주),3.64/4.5,810점,Lv5,IM2,2개,2.3개,1.3회,1.5회,2.5회,1.7회
세메스(주),3.6/4.5,825점,Lv6,IM3,1.3개,1.9개,1.5회,1회,2회,1.4회
(주)카길애그리퓨리나,3.54/4.5,790점,Lv7,-,1개,1.8개,1회,1회,1회,3회
㈜KT M&S,3.62/4.5,840점,Lv6,IM1,1개,2.7개,1.1회,1.5회,2.5회,1.4회
가온전선(주),3.64/4.5,853점,Lv6,IM2,1개,3개,1회,2회,1회,1회
(주)삼탄,3.48/4.5,797점,Lv6,IH,1개,2개,1.3회,1회,1회,1회
한솔섬유(주),3.63/4.5,876점,Lv6,IM3,1.1개,2.1개,1.4회,1.5회,1.8회,1.9회
한성자동차(주),3.66/4.5,759점,-,IH,1.5개,2.2개,1.1회,1.7회,1회,2.8회
롯데렌탈(주),3.45/4.5,749점,Lv6,-,1개,1.8개,1.4회,1.6회,1.3회,1.3회
에스케이실트론(주),3.64/4.5,792점,Lv6,IM2,1개,1.9개,1.2회,1회,2회,1.8회
덕양산업(주),3.5/4.5,806점,Lv6,-,1개,2.2개,1.2회,1회,2회,1.7회
경남에너지(주),3.84/4.5,817점,-,-,-,2.4개,1회,1회,1회,1회
타타대우상용차(주),3.74/4.5,806점,-,IH,-,2.5개,1.2회,3회,2회,-
포스코강판(주),3.87/4.5,856점,Lv6,IM2,1개,1.9개,1.2회,1회,3회,3회
(주)문화방송,3.59/4.5,795점,Lv6,IH,1.2개,2개,1.2회,1.3회,1.6회,1.9회
장금상선㈜,3.76/4.5,778점,Lv5,IM2,1.1개,2.3개,1.1회,1회,1회,1.3회
(주)빙그레,3.46/4.5,817점,Lv6,IH,1.4개,1.9개,1.3회,1.5회,2.1회,1.4회
순천향대학교,3.81/4.5,713점,-,IL,1.3개,2.4개,1.4회,1.7회,1.2회,2회
대원강업(주),3.64/4.5,804점,Lv6,IM2,1개,2개,1.2회,1.4회,1.5회,1.4회
(주)현대홈쇼핑,3.61/4.5,809점,Lv6,IM2,1.2개,2.1개,1.2회,1.8회,2.2회,1.9회
일진전기(주),3.57/4.5,808점,Lv6,IM1,1개,2.4개,1.4회,1.2회,1.7회,1.6회
폴라리스쉬핑(주),3.53/4.5,600점,-,-,1개,2개,1회,-,-,-
(주)멜파스,3.59/4.5,793점,Lv6,IL,1개,2개,1.4회,1.5회,1.5회,1.3회
㈜오리온,3.61/4.5,833점,Lv6,IM3,1.1개,2.2개,1.2회,1.3회,1.8회,1.6회
한국미니스톱(주),3.5/4.5,714점,Lv6,IM2,1개,2.2개,1.1회,1.2회,1.5회,2.5회
(주)신세계인터내셔날,3.69/4.5,868점,Lv7,IM2,1.1개,2개,1.3회,1.6회,1.6회,1.8회
(주)서희건설,3.57/4.5,748점,Lv6,IL,1개,2개,1회,1.3회,2회,2.7회
(주)하림,3.63/4.5,849점,Lv6,IM3,1개,2.7개,1.3회,1.1회,1.6회,1.2회
엘지엔시스(주),3.65/4.5,850점,Lv6,IM2,1개,1.8개,1회,1회,1회,1.4회
(주)한국인삼공사,3.67/4.5,802점,-,IM2,1.5개,1.9개,1.6회,2.3회,2.5회,2.1회
한국에너지공단,3.65/4.5,789점,Lv6,IM3,1.3개,2.4개,1.6회,2회,2.3회,1.7회
휴켐스(주),3.63/4.5,772점,-,IM2,1개,2.9개,1.3회,-,1회,1회
한국산업인력공단,3.75/4.5,835점,Lv6,IM3,1.4개,2.4개,1.4회,1.2회,1.8회,2.1회
아디다스코리아유한책임회사,3.6/4.5,834점,-,IH,1개,1.8개,1.3회,1.8회,3회,1회
한국보훈복지의료공단,3.57/4.5,807점,Lv6,-,-,3.1개,1.7회,1.4회,1.3회,1.8회
㈜롯데홈쇼핑,3.64/4.5,879점,Lv5,IM3,1.3개,1.9개,1.2회,1.3회,1.4회,1.2회
CJ CGV(주),3.57/4.5,819점,Lv6,IM3,1.1개,1.8개,1.1회,1.2회,1.5회,1.2회
(주)대교,3.62/4.5,790점,Lv6,IM3,1.1개,2.1개,1.3회,1.1회,1.9회,2회
한국전력기술(주),3.55/4.5,753점,Lv6,IM2,1.1개,2.2개,1.3회,2회,1.4회,1.8회
(주)창신아이엔씨,3.57/4.5,942점,-,AL,1개,1.8개,1.7회,1회,1회,3.3회
파주전기초자(주),3.52/4.5,658점,-,IM1,1.2개,2.1개,1.3회,2.8회,2.2회,1.8회
경남기업(주),3.56/4.5,804점,Lv6,IM3,1개,2개,1.6회,1회,1.2회,1.6회
(주)아성다이소,3.55/4.5,761점,Lv6,IM2,1.3개,1.9개,1.2회,1.3회,1.9회,1.9회
S&T모티브(주),3.71/4.5,795점,-,IM2,1개,2.3개,1회,1회,-,1회
고려개발(주),3.57/4.5,796점,-,-,1.5개,2.1개,1.3회,1회,1.3회,2.8회
(주)팜스코,3.55/4.5,850점,Lv6,IM1,-,1.8개,1.5회,1.3회,1회,1.3회
흥아해운(주),3.67/4.5,851점,Lv6,IM1,1.3개,2.5개,1.5회,1회,2.3회,2.5회
HSD엔진㈜,3.66/4.5,786점,-,-,1.3개,1.8개,1.1회,1.3회,2회,1.2회
대덕전자(주),3.53/4.5,790점,Lv6,IM2,1.1개,1.8개,1.3회,1.6회,2.3회,1.4회
한국프랜지공업(주),3.66/4.5,836점,-,-,-,2.9개,2.3회,1.3회,2회,1.2회
(주)대창,3.83/4.5,784점,Lv6,IM3,1개,2.9개,1.6회,1회,1회,1.5회
(주)신세계푸드,3.7/4.5,838점,Lv7,IM2,1개,2.3개,1.2회,1.5회,1.6회,2.2회
해태제과식품(주),3.56/4.5,742점,Lv6,IM1,1.3개,2.2개,1.3회,1.7회,1.7회,1.7회
(주)삼동,3.66/4.5,831점,Lv7,-,1개,1.9개,1.3회,1회,4회,3회
도시바일렉트로닉스코리아(주),3.54/4.5,840점,Lv7,-,1.1개,1.7개,1.5회,-,-,-
(주)SBS,3.61/4.5,815점,Lv6,IL,1개,2.1개,1.3회,1.1회,1.8회,1.8회
STX엔진(주),3.73/4.5,806점,-,IL,1개,1.6개,1.2회,1.1회,1.5회,1회
신성통상(주),3.65/4.5,837점,Lv7,IM3,1.3개,2.2개,1.5회,1.6회,2.3회,2회
(주)포스코엠텍,3.65/4.5,844점,Lv6,NH,1개,2.5개,1.1회,1.3회,1.2회,1.6회
(주)LS네트웍스,3.68/4.5,888점,Lv6,-,-,1.9개,1회,-,1회,-
동원산업(주),3.54/4.5,795점,Lv6,AL,1개,2.4개,1.6회,1.8회,1.5회,1.2회
한국필립모리스(주),3.51/4.5,863점,Lv6,IH,1개,2.1개,1.3회,1.4회,1.3회,2.5회
(주)이마트에브리데이,3.5/4.5,751점,Lv6,IM2,1개,2개,1.2회,2회,1.4회,1.9회
한국공항공사,3.78/4.5,850점,Lv7,IH,1개,2.2개,1.2회,1.1회,2.3회,1.9회
(주)대웅제약,3.63/4.5,799점,Lv6,IM3,1.2개,2.3개,1.3회,1.3회,2.1회,1.8회
(주)에스아이플렉스,3.56/4.5,732점,Lv6,IL,1.4개,2.1개,1.2회,1.9회,1.7회,1.6회
(주)팜한농,3.59/4.5,789점,Lv6,IM2,1개,2.3개,1.4회,1.1회,1.9회,1.6회
에릭슨엘지(주),3.81/4.5,841점,Lv6,IH,1개,1.9개,1.4회,1.5회,1회,2.4회
(주)드림텍,3.65/4.5,821점,Lv6,IM1,1개,2.2개,1.4회,2회,1.5회,1.9회
(주)화승네트웍스,3.69/4.5,877점,Lv7,IM2,1개,2.6개,1.3회,1회,3회,2.5회
(주)이라이콤,3.53/4.5,741점,Lv6,IM1,1.2개,1.8개,1.3회,1.4회,2.1회,1.7회
(주)화신,3.67/4.5,827점,-,IH,-,1.8개,1.4회,1회,2회,1.5회
동원로엑스(주),3.85/4.5,875점,Lv6,IH,1개,2.7개,1.1회,1.2회,1.6회,2.1회
㈜이베이코리아,3.57/4.5,863점,Lv6,IM2,1.4개,2개,1.3회,1.4회,1.5회,1.8회
GS네오텍(주),3.53/4.5,873점,Lv6,-,1.3개,2.1개,1.5회,1회,3회,1회
일진디스플레이(주),3.58/4.5,782점,Lv6,IM1,1개,2개,1.4회,1.7회,1.5회,1.1회
한국암웨이(주),3.63/4.5,850점,Lv7,IH,1.3개,2개,1.4회,2.1회,2.3회,1.7회
국도화학(주),3.6/4.5,813점,Lv6,-,1개,2.5개,2.2회,1회,3회,2회
(주)화승알앤에이,3.6/4.5,824점,Lv6,IH,1개,2.4개,1.8회,1회,-,1.3회
태평양물산(주),3.65/4.5,831점,Lv7,IM3,1.1개,2.2개,1.4회,2회,1.6회,1회
한국제지(주),3.68/4.5,730점,Lv6,IM3,1개,2.8개,1.3회,1회,-,2.5회
한국산업단지공단,3.69/4.5,817점,Lv6,IM2,2개,2.1개,1.2회,1회,1.9회,2.1회
풀무원식품(주),3.64/4.5,829점,-,-,1개,1.7개,1회,1회,1.5회,1.8회
(주)엔투비,3.6/4.5,825점,Lv7,IM3,1.5개,2.1개,1.5회,1.5회,1.2회,2.3회
깨끗한나라(주),3.59/4.5,816점,Lv7,IH,1.4개,2.3개,1.3회,1회,1.8회,1.7회
(주)삼호,3.45/4.5,852점,Lv6,-,1개,2개,1회,1회,1회,1.3회
울트라건설㈜,3.5/4.5,800점,Lv6,IH,1개,1.9개,1.2회,1회,1회,2.5회
(주)시몬느,3.68/4.5,884점,Lv7,IM2,1.1개,1.9개,1.5회,2.3회,1.5회,1회
해양에너지,3.75/4.5,846점,-,-,-,2.8개,1회,-,1회,1회
백제약품(주),3.5/4.5,485점,-,-,1개,2.1개,1.3회,2회,1회,1.6회
(주)교원구몬,3.64/4.5,708점,Lv6,IM2,1.2개,2.3개,1.3회,1.7회,2회,1.9회
한화시스템(주),3.76/4.5,799점,Lv6,IM2,1개,1.8개,1.2회,1회,1.3회,1.4회
비에이치아이(주),3.69/4.5,797점,-,AL,1개,1.9개,1.3회,1회,2회,-
(주)메가마트,3.62/4.5,820점,Lv7,IH,1개,2.1개,1.4회,1.8회,1회,1.6회
㈜사조해표,3.49/4.5,782점,Lv5,IM2,1개,2.2개,1.5회,1회,2회,2.1회
(주)루멘스,3.58/4.5,837점,Lv5,IM1,1.6개,2.7개,1.7회,1회,2.3회,2.3회
롯데IT테크(주),3.65/4.5,803점,Lv6,IM2,1.3개,1.9개,1.2회,1.2회,1.3회,1.4회
KT스카이라이프㈜,3.6/4.5,901점,Lv6,IL,2개,2.3개,1회,1.4회,5회,1회
(주)디아이디,3.66/4.5,650점,-,IM3,1개,2.1개,1.2회,1회,2.7회,1.3회
한국화이자제약(주),3.65/4.5,907점,Lv7,IH,1.1개,2개,1.2회,1.4회,1.4회,1.9회
서울대학교,3.72/4.5,904점,Lv7,IH,1개,2.2개,1.7회,1.5회,3회,2.8회
(주)포스코플랜텍,3.63/4.5,829점,Lv6,IH,1개,2.3개,1.4회,1.3회,2.3회,1.7회
서울특별시도시철도공사,3.67/4.5,811점,Lv6,-,1개,2.8개,1회,1회,2.5회,2회
㈜일진글로벌,3.56/4.5,824점,Lv6,IL,1개,2.1개,1회,2.2회,1.8회,1.2회
덴소코리아오토모티브㈜,3.71/4.5,733점,Lv7,-,1.4개,2.5개,1.5회,1회,1.7회,1.5회
한국토요타자동차(주),3.5/4.5,914점,Lv7,IH,1개,2.3개,1.3회,1.5회,2회,2회
(주)비와이엔블랙야크,3.35/4.5,662점,Lv5,IM1,1개,1.7개,1회,1.4회,1회,2.3회
오티스엘리베이터(유),3.66/4.5,766점,Lv6,IM3,1.6개,1.9개,1.3회,1.6회,1.3회,1.6회
(주)삼광,3.63/4.5,788점,-,IM1,1개,2개,2회,1회,1.5회,1회
에스엘(주),3.76/4.5,772점,Lv6,IH,1.3개,1.9개,1.3회,1.5회,2.4회,1.4회
아주모터스㈜,3.47/4.5,734점,-,-,1개,2.4개,1회,-,2회,-
(주)케이티디에스,3.61/4.5,799점,Lv6,IH,1개,1.8개,1.3회,1회,1회,1.5회
에이에스이코리아(주),3.61/4.5,825점,-,IM2,1개,2.4개,1.3회,1회,1회,2회
㈜KT이엔지코어,3.73/4.5,838점,-,-,-,2.2개,1회,2회,-,1회
(주)신원,3.47/4.5,855점,Lv6,IM3,1.1개,2.1개,1.3회,1.8회,1.9회,1.3회
LG,3.63/4.5,826점,Lv4,IM2,1개,1.6개,1회,1회,1.3회,1.1회
(주)화승,3.61/4.5,870점,Lv8,IM2,1개,1.9개,1.1회,1회,1.5회,2회
아이에스동서㈜,3.63/4.5,823점,Lv6,IM2,1.5개,2.4개,1.8회,1.5회,1.8회,1.7회
대한적십자사,3.61/4.5,825점,Lv7,IH,1.5개,2.4개,1.3회,1.3회,1.7회,1.5회
한미약품(주),3.55/4.5,803점,Lv6,IL,-,2.1개,1.4회,1.3회,1.5회,2.8회
내셔날오일웰바르코코리아㈜,3.58/4.5,743점,Lv5,IM1,1개,2개,1.5회,2회,1회,1.5회
그랜드코리아레저(주),3.69/4.5,810점,Lv6,IM2,1.1개,1.8개,1.4회,1.3회,1회,1.6회
(주)케이에이치바텍,3.49/4.5,767점,-,-,1개,2.4개,1.4회,-,3회,1.5회
LS오토모티브(주),3.53/4.5,774점,Lv6,IM2,1개,2.4개,1.1회,1.8회,2회,1.9회
한국국제협력단,3.78/4.5,834점,Lv7,IM3,1.3개,2.3개,1.4회,1.6회,1.9회,2.1회
파나소닉디바이스세일즈코리아㈜,3.63/4.5,789점,-,IM3,1.4개,2.1개,1.4회,2.3회,1.5회,1회
한국과학기술원,3.71/4.5,806점,Lv6,IH,1.4개,2.2개,1.3회,1.4회,1.9회,2.4회
대덕지디에스㈜,3.66/4.5,754점,Lv6,IH,1.3개,2.1개,1.4회,1회,-,2회
(주)동진쎄미켐,3.69/4.5,713점,Lv6,IL,1.3개,2.1개,1.4회,1.4회,1.8회,2.2회
(주)세정,3.68/4.5,849점,Lv6,IM3,1.2개,1.9개,1.4회,1.6회,2.8회,1.7회
㈜SYS리테일,3.52/4.5,721점,Lv4,IM2,1.1개,2개,1.3회,1회,1.9회,2회
에스맥(주),3.75/4.5,533점,Lv4,IL,1.3개,1.8개,2회,1.5회,1회,2.5회
한화글로벌에셋(주),3.71/4.5,821점,Lv6,IM1,1.4개,2.2개,1.4회,1회,1회,1.1회
코오롱머티리얼(주),3.65/4.5,820점,Lv7,IM2,1.1개,2.5개,1.6회,1회,2회,1.5회
고려제강(주),3.66/4.5,885점,Lv6,IH,1.1개,2.1개,1.4회,1.7회,1회,1.7회
에코플라스틱(주),3.64/4.5,725점,Lv5,-,-,1.9개,1회,1회,3회,2.5회
한화디펜스㈜,3.79/4.5,840점,Lv8,AL,-,1.5개,1회,1.1회,1회,1.3회
무림페이퍼(주),3.67/4.5,792점,Lv6,IM2,1개,2.5개,1.4회,1회,1.2회,2.4회
대한해운(주),3.64/4.5,853점,Lv7,IM3,1개,2.4개,1회,-,1.5회,1회
(주)디스플레이테크,3.49/4.5,720점,Lv7,IL,1개,1.7개,1.4회,3회,1회,1회
(주)휴스틸,3.52/4.5,764점,-,-,1개,2.4개,1.4회,1회,2.3회,1.4회
(주)교보문고,3.66/4.5,733점,Lv6,IM2,1.4개,1.9개,1.3회,1.5회,1.5회,1.9회
명화공업(주),3.5/4.5,735점,Lv5,IL,1.2개,2.1개,1.6회,1.3회,2.3회,2.1회
삼환기업(주),3.62/4.5,716점,Lv6,IM1,1개,2.2개,1회,1회,1회,1.5회
솔브레인(주),3.65/4.5,807점,Lv6,IM2,1개,2.1개,1.3회,1.2회,2회,1.2회
(주)영원아웃도어,3.57/4.5,843점,Lv7,IM2,1개,1.9개,1.4회,1.8회,1.8회,1.3회
세방(주),3.76/4.5,855점,Lv6,IH,1개,2.4개,1회,1회,1.3회,1.5회
서한산업(주),3.61/4.5,771점,Lv7,-,-,2.1개,1회,-,1.8회,2회
(주)현대리바트,3.66/4.5,828점,Lv6,IM2,1개,2.2개,1.3회,1.6회,1.4회,1.5회
대우조선해양건설㈜,3.56/4.5,762점,Lv6,IL,1개,2.3개,1.3회,-,2.3회,1회
(주)동양,3.49/4.5,673점,-,-,-,1.9개,2회,1회,1회,1.5회
(주)선진,3.53/4.5,816점,Lv6,IM2,1개,3.3개,1.5회,1.1회,1.6회,2.4회
㈜심텍,3.51/4.5,802점,Lv5,IM1,1.3개,1.8개,1.2회,1.8회,1.2회,1.5회
(주)유니드,3.75/4.5,807점,-,-,1개,3개,1.4회,1회,1회,1회
삼부토건(주),3.58/4.5,810점,Lv6,-,1개,2.1개,1.4회,2회,1회,1.8회
(주)농협목우촌,3.65/4.5,810점,Lv6,IM3,-,1.9개,1.3회,1회,1회,1.4회
(주)신도리코,3.57/4.5,792점,Lv6,IM3,1.1개,2개,1.3회,1.3회,1.5회,1.5회
노틸러스효성㈜,3.54/4.5,814점,Lv6,IM3,1.2개,2개,1.1회,1.3회,1.4회,2회
동우화인켐(주),3.71/4.5,803점,Lv6,IM1,1개,2개,1.5회,1.2회,2.1회,1.6회
한국솔베이㈜,3.35/4.5,890점,Lv6,IM1,-,1.9개,1.2회,-,-,1회
평화정공(주),3.56/4.5,748점,-,IM1,1개,1.9개,1.6회,1회,1.8회,2회
(주)이랜드파크,3.64/4.5,800점,Lv6,IM2,1개,2.2개,1.4회,1.3회,1.7회,1.9회
한솔테크닉스(주),3.57/4.5,783점,Lv6,IL,1.3개,1.8개,1.3회,1.1회,2.3회,1.4회
㈜서연전자,3.48/4.5,766점,Lv6,IM3,1.3개,2.2개,1.4회,1.5회,1.7회,1.8회
BR코리아,3.63/4.5,755점,Lv6,IM3,1.1개,2.1개,1.3회,2.2회,1.7회,1.5회
동아원㈜,3.65/4.5,850점,-,-,1개,2개,1.2회,-,-,-
한국전자통신연구원,3.69/4.5,752점,Lv6,IM2,1개,2.4개,1.2회,1.3회,1.8회,2.1회
쿠쿠홀딩스(주),3.68/4.5,815점,Lv5,IM3,1.6개,1.9개,1.5회,1.5회,1.9회,1.8회
경창산업(주),3.58/4.5,656점,-,IM2,1개,2.2개,1.5회,2회,1.3회,1.3회
데상트코리아(주),3.71/4.5,853점,Lv6,IH,1.1개,1.8개,1.2회,1.2회,1.6회,1.4회
(주)동방,3.6/4.5,822점,-,IH,1개,2.6개,1.8회,-,1.5회,2회
(주)딜라이브,3.42/4.5,792점,-,IM2,1개,1.9개,1.3회,1.5회,1회,2.2회
(주)유성티엔에스,3.53/4.5,782점,-,-,1개,1.9개,1회,1회,1회,2.7회
한국단자공업(주),3.55/4.5,743점,Lv6,IM3,1.1개,2.2개,1.4회,1회,2.4회,1.8회
동아에스티(주),3.59/4.5,849점,Lv7,-,2개,2.8개,1회,1회,2.3회,1.2회
(주)DB하이텍,3.63/4.5,811점,Lv6,IM3,1.5개,2.2개,1.3회,1회,1.3회,1.4회
조선내화(주),3.62/4.5,818점,Lv6,-,1개,2.2개,1.3회,1회,1.5회,2.3회
(주)파라다이스,3.67/4.5,722점,Lv6,IM2,1.2개,1.9개,1.4회,1.5회,1.8회,2회
더페이스샵,3.49/4.5,788점,-,-,1.1개,1.9개,1회,1회,3.3회,2.5회
(주)두원공조,3.63/4.5,808점,Lv6,IM2,1.3개,2.2개,1.3회,1회,1회,2회
현대종합금속(주),3.64/4.5,890점,Lv7,IM3,1.1개,2개,1.2회,1.1회,1.1회,1.7회
코오롱글로텍(주),3.64/4.5,842점,Lv6,IM3,1.2개,2.1개,1.2회,1.8회,2.4회,1.8회
(주)파워로직스,3.46/4.5,752점,-,-,1개,2.2개,1.3회,1회,1.3회,1회
단국대학교,3.9/4.5,716점,Lv7,IM2,1.4개,2개,1.2회,1.8회,2회,1.9회
한국노바티스(주),3.43/4.5,876점,Lv6,-,1개,1.7개,1.2회,1.5회,2회,1.5회
듀폰코리아(주),3.56/4.5,852점,Lv8,IH,1.2개,2.1개,1.4회,1.3회,1.7회,2.5회
(주)스타벅스커피코리아,3.61/4.5,756점,Lv6,IM2,1.2개,2개,1.3회,1.7회,1.7회,1.7회
에어프로덕츠코리아㈜,3.62/4.5,827점,Lv6,IM2,1개,2.5개,1.5회,1회,1.4회,1.7회
한국성전,3.52/4.5,668점,-,-,1개,2.3개,1.5회,1회,1회,1회
㈜필립스전자,3.5/4.5,835점,Lv6,IM3,1.3개,1.8개,1.4회,1.6회,1.5회,1.6회
㈜ADT캡스,3.57/4.5,756점,-,-,1개,2.2개,1.1회,1.9회,2.2회,1.4회
대동공업(주),3.66/4.5,844점,Lv7,IM2,1개,1.9개,2회,1.3회,1회,2회
디디피스페셜티프로덕츠코리아(주),3.55/4.5,824점,Lv6,IM2,1개,2.2개,1.2회,1회,3.7회,2회
㈜카펙발레오,3.63/4.5,704점,Lv6,-,1개,2.1개,1.2회,1회,2회,1.8회
(주)토비스,3.62/4.5,777점,Lv6,IL,1.4개,2개,1.3회,1회,1회,2회
엠케이전자(주),3.62/4.5,754점,Lv5,-,1.1개,1.6개,1.3회,1회,1.2회,1.5회
㈜베바스토동희,3.77/4.5,675점,-,-,1개,2.1개,1회,-,1.5회,2회
광동제약(주),3.53/4.5,792점,Lv6,IM2,1.3개,2.1개,1.2회,1.4회,1.8회,1.8회
㈜플렉스컴,3.7/4.5,515점,-,IL,1개,2.3개,2회,2회,1.5회,1회
세종공업(주),3.62/4.5,776점,-,IM1,1개,1.6개,1.4회,-,1회,1.7회
(주)한독모터스,3.68/4.5,779점,Lv5,IM2,-,2.5개,1회,1회,2.7회,1.5회
(주)에이비비코리아,3.63/4.5,807점,Lv6,-,1개,2.2개,1.1회,1회,1.4회,1.3회
(주)코리아써키트,3.58/4.5,786점,Lv6,IM2,1.1개,1.9개,1.2회,1.7회,1.1회,1.6회
넥스틸(주),3.67/4.5,814점,-,-,1개,2개,1회,3회,1.3회,-
한화S&C㈜,3.62/4.5,779점,Lv6,IM2,1개,2.1개,1.1회,1.2회,1.5회,2.3회
삼일회계법인,3.64/4.5,876점,Lv7,IM3,1.1개,1.8개,1.3회,2.2회,1.8회,1.5회
제일파마홀딩스(주),3.54/4.5,805점,Lv6,IM2,1개,2.2개,1.3회,1.6회,1.5회,1.7회
삼화페인트공업(주),3.65/4.5,777점,Lv6,IL,1개,2개,1.1회,3회,1.6회,1.7회
자화전자(주),3.52/4.5,744점,-,IM2,1.3개,1.7개,1.3회,1회,1회,2.3회
KT커머스㈜,3.45/4.5,794점,Lv7,IH,1.5개,1.8개,1.4회,1.1회,1회,2회
SK텔레시스(주),3.6/4.5,781점,-,AL,2개,2.5개,1.1회,1회,1회,1.5회
(주)평화발레오,3.5/4.5,789점,Lv6,IM1,1개,2.3개,1.2회,1회,3회,1회
한국국토정보공사,3.59/4.5,670점,Lv6,IM2,1개,2.2개,1회,1.2회,1회,2회
한화에너지(주),3.72/4.5,819점,Lv7,IH,1개,2.1개,1회,1.4회,1.5회,2회
에이에스엠엘코리아(주),3.61/4.5,827점,Lv6,IM3,1개,1.9개,1회,1회,1회,2.3회
(주)디비아이엔씨,3.46/4.5,822점,Lv7,IM2,1개,2.2개,1.5회,1회,3.5회,1.5회
덴소코리아일렉트로닉스㈜,3.57/4.5,778점,Lv7,IM1,1.4개,2.5개,1.5회,1회,2.1회,2.2회
신세계건설(주),3.43/4.5,796점,Lv6,IM2,1개,2.1개,1.2회,1.1회,1.7회,1.5회
㈜KR산업,3.71/4.5,725점,-,-,1개,2.2개,1.5회,-,5회,-
율촌화학(주),3.63/4.5,843점,Lv7,IM2,1.9개,2.4개,1.3회,1.3회,1.5회,3회
(주)글락소스미스클라인,3.65/4.5,857점,Lv7,IM2,1.3개,2.3개,1.1회,1.7회,1.3회,2.3회
대성산업가스(주),3.52/4.5,800점,Lv7,-,1개,1.8개,1.7회,1회,1회,1.5회
동아타이어공업㈜,3.75/4.5,748점,-,IM2,-,1.8개,1.3회,-,1.2회,1.4회
도이치모터스(주),3.67/4.5,778점,-,-,1개,2.2개,1.3회,1.3회,2.8회,1회
현대스틸산업(주),3.65/4.5,757점,Lv6,IM2,1개,2.6개,1.3회,1회,3.5회,1.2회
핸즈코퍼레이션(주),3.55/4.5,841점,Lv6,IL,1.2개,2.2개,1.6회,1.7회,2회,1.7회
㈜제주항공,3.65/4.5,780점,Lv6,IM2,1.1개,2.1개,1.5회,1.9회,1.7회,2.2회
(주)보쉬전장,3.66/4.5,818점,Lv6,IM2,-,1.3개,1.2회,1.2회,1회,1.2회
SK텔링크㈜,3.48/4.5,773점,Lv6,IH,1개,2.6개,1.2회,1.5회,3회,1회
(주)대우로지스틱스,3.49/4.5,838점,Lv7,IM3,1.1개,2.1개,1.1회,2.1회,1.2회,1.9회
제주국제자유도시개발센터,3.23/4.5,877점,Lv6,AL,1개,2.6개,1.3회,2회,5회,2회
유진기업(주),3.51/4.5,830점,Lv6,IM2,1개,2.5개,1.3회,1회,2회,1회
(주)크라운해태홀딩스,3.53/4.5,748점,Lv6,IM3,1.3개,1.9개,1.1회,1.3회,1.6회,1.5회
성창이엔씨(주),3.63/4.5,739점,-,IM1,1개,2.5개,1.3회,2회,-,-
에드워드코리아(주),3.42/4.5,738점,Lv6,-,1.8개,2개,1.2회,1회,1.8회,1회
대상베스트코,3.56/4.5,596점,Lv6,NH,1개,1.9개,1.1회,1.8회,1.5회,2.2회
에어리퀴드코리아(주),3.69/4.5,847점,Lv6,IM2,1개,2.6개,1.3회,-,1회,1회
금강공업㈜,3.51/4.5,742점,-,-,1개,2.2개,1회,1회,2회,1회
한국공항(주),3.49/4.5,697점,Lv5,IM2,1.2개,2.1개,1.3회,1.8회,1.1회,1.4회
한국로버트보쉬㈜,3.46/4.5,846점,Lv6,IH,1개,1.9개,1.3회,1.5회,1.8회,2회
(주)뉴옵틱스,3.58/4.5,684점,Lv5,IL,1개,1.9개,1.4회,3회,1회,1.5회
라파즈한라시멘트㈜,3.75/4.5,828점,Lv7,IM2,1개,3.2개,1.2회,1회,2회,2.3회
(주)바이더웨이,3.26/4.5,728점,-,-,1개,2개,1.3회,-,-,-
대주중공업(주),3.51/4.5,821점,Lv6,-,1개,2.5개,1회,2.5회,2.3회,2회
대선조선(주),3.57/4.5,736점,-,IM1,1개,1.7개,1.3회,1회,1.7회,1회
휠라코리아㈜,3.73/4.5,838점,Lv8,IM1,-,2개,1.3회,1회,2.6회,1.3회
(재)한국원자력연구원,3.79/4.5,721점,Lv6,IM1,1.1개,2.1개,1.1회,2.1회,1.4회,2회
(주)리치몬트코리아,3.61/4.5,793점,Lv5,IM3,1.5개,2개,1.4회,1.4회,2.8회,2.1회
㈜대유위니아,3.58/4.5,836점,-,IH,-,2개,1.1회,1.3회,1.3회,1.9회
동양네트웍스(주),3.6/4.5,780점,Lv6,IM2,1.2개,2개,1.1회,1.5회,1.2회,1.7회
씨에스유통(주),3.36/4.5,798점,-,-,-,1.8개,1회,1회,-,1회
(주)실리콘웍스,3.72/4.5,738점,Lv5,IM2,1개,3개,1.3회,1.7회,1.3회,1.6회
한솔로지스틱스(주),3.73/4.5,855점,Lv6,IM3,1.2개,2.2개,1.4회,1.1회,1.5회,1.1회
(주)동성화인텍,3.52/4.5,775점,Lv6,IM2,1.3개,1.8개,1.2회,2회,1.5회,2.3회
(주)이랜텍,3.48/4.5,677점,Lv6,IL,1개,2.3개,1.3회,1회,1.3회,3.3회
(주)LG생명과학,3.72/4.5,823점,Lv6,IM3,2개,2.1개,1.2회,1.2회,2.3회,1.8회
(주)단석산업,3.53/4.5,749점,Lv6,IM2,1.3개,2.2개,1.1회,2회,2회,2.5회
동아건설산업(주),3.6/4.5,807점,-,IM2,1개,1.9개,1.3회,1.4회,2회,2회
(주)에이블씨엔씨,3.68/4.5,849점,Lv6,IH,1.1개,2.1개,1.4회,1.3회,1.7회,2.2회
대보건설(주),3.47/4.5,860점,-,IM3,1개,2.3개,2회,1.5회,2회,2회
케이투코리아(주),3.76/4.5,810점,Lv7,IH,-,2.3개,1.2회,1회,1.5회,2회
(주)사조대림,3.55/4.5,749점,Lv6,IM2,1개,2.3개,1.3회,1회,-,1.2회
(주)노루페인트,3.81/4.5,820점,-,IH,1개,1.8개,2회,1회,1.5회,1회
㈜성주그룹,3.69/4.5,831점,Lv6,IH,1.2개,1.6개,1.3회,1.9회,1.5회,1.3회
㈜KT cs,3.47/4.5,750점,Lv7,IL,1.3개,2.3개,1.2회,1.7회,1.7회,1.7회
바르질라현대엔진(유),3.66/4.5,809점,Lv7,IM2,1개,2.6개,1회,1회,1회,2회
(주)세진중공업,3.64/4.5,681점,Lv6,-,1개,1.8개,1.7회,1회,1회,1회
패션그룹형지(주),3.67/4.5,782점,Lv6,IM1,1개,2.3개,1.3회,1.2회,1.9회,1.7회
(주)엘비루셈,3.69/4.5,722점,Lv6,IL,1.5개,2.4개,1.5회,1.3회,1.5회,1.5회
코리아오토글라스(주),3.73/4.5,773점,Lv5,IM1,1.5개,2.1개,1.3회,1회,1회,1.5회
도요엔지니어링코리아㈜,3.51/4.5,805점,-,IL,1.2개,2.2개,1.3회,-,4회,-
(주)부영,3.49/4.5,776점,Lv6,IM1,2개,1.7개,1회,4회,1회,1.8회
대림자동차공업(주),3.65/4.5,813점,Lv6,IH,1개,2.2개,1.1회,1.4회,1.6회,2.5회
남양넥스모(주),3.48/4.5,772점,Lv6,IM3,1개,1.8개,2회,1회,1.8회,1.3회
㈜KT is,3.59/4.5,742점,Lv5,-,1개,2.1개,1.2회,1.7회,1.2회,1.2회
경북대학교병원,3.83/4.5,743점,Lv6,IH,1.3개,2.4개,1.8회,2.5회,1회,1.6회
(주)디에이치엘코리아,3.57/4.5,848점,Lv7,IH,1개,2.1개,1.3회,1.5회,1회,1.8회
(주)푸드머스,3.58/4.5,778점,Lv7,-,1개,2.3개,1회,1회,1.7회,2회
한국후지제록스(주),3.51/4.5,809점,Lv6,IM1,1.3개,2개,1.3회,1.4회,2회,1.7회
㈜성광벤드,3.67/4.5,852점,Lv6,IL,-,2.2개,1.4회,-,-,1회
신동아건설(주),3.87/4.5,835점,Lv6,IM1,1.3개,2.4개,1.3회,1회,3.5회,1.2회
(주)시노펙스,3.55/4.5,780점,Lv7,IM2,1개,2개,1.4회,1회,1.7회,2.3회
하이에어코리아(주),3.56/4.5,729점,Lv6,IM1,1개,2.2개,1.7회,1.9회,2.4회,1.6회
우미건설㈜,3.71/4.5,817점,Lv5,IH,1개,2.6개,1회,2회,1회,1회
금호고속(주),3.72/4.5,880점,Lv6,-,-,2.8개,3회,1회,1회,1회
사조산업(주),3.67/4.5,804점,Lv5,IM2,-,2.5개,1.6회,1.5회,3회,2회
(주)인터파크,3.62/4.5,789점,Lv6,IM3,1.1개,2.1개,1.1회,1.4회,2회,1.6회
현대아이에이치엘(주),3.67/4.5,741점,Lv6,-,1.5개,2.2개,1회,1.3회,3회,2.3회
한전KDN,3.51/4.5,786점,Lv5,IM3,1.2개,2.2개,1.2회,1.5회,1.7회,1.6회
인지컨트롤스(주),3.61/4.5,754점,Lv5,IM2,1.7개,2.2개,1.3회,1.4회,1.9회,1.6회
(주)네오위즈,3.57/4.5,810점,Lv7,IM2,1.1개,2.4개,1.3회,1.3회,1.8회,1.6회
(주)경동나비엔,3.69/4.5,810점,Lv7,IM3,1.5개,1.8개,1.6회,1회,1.9회,1.2회
온코퍼레이션,3.47/4.5,845점,Lv6,IH,1개,2.4개,1.3회,2회,1.5회,2.7회
(주)한화갤러리아,3.62/4.5,822점,Lv6,IM2,1.3개,2.1개,1.2회,1.5회,1.7회,1.7회
한국알프스(주),3.65/4.5,784점,Lv6,IH,1.8개,2.6개,1.4회,1회,1회,1.6회
태림포장공업㈜,3.42/4.5,702점,Lv6,IM1,1.5개,2.1개,1.1회,1.7회,1.4회,1.7회
㈜스마일게이트,3.54/4.5,819점,Lv6,IM2,1개,2.1개,1.3회,1.5회,1.8회,2회
㈜우전앤한단,3.6/4.5,792점,Lv6,IL,1.4개,2.7개,1.5회,1.3회,2.5회,1.9회
공신테크노소닉㈜,3.44/4.5,809점,-,IH,1.3개,2.1개,1.6회,1.5회,2회,2회
더클래스효성(주),3.61/4.5,763점,-,IH,1개,2.3개,1.1회,1.7회,1.6회,1.6회
공항철도(주),3.5/4.5,778점,-,-,1.2개,2.5개,1.3회,5회,4회,-
온세미컨덕터코리아(주),3.6/4.5,791점,Lv6,IM3,1.2개,2.2개,1.5회,1.4회,1.3회,1.8회
동양물산기업(주),3.53/4.5,785점,Lv5,IL,1개,2.4개,1.2회,2.5회,1.7회,1.3회
중흥건설(주),3.61/4.5,630점,-,IL,1개,2.9개,1회,1회,1회,1.5회
디아지오코리아(주),3.81/4.5,867점,Lv7,IM2,1개,1.7개,1회,1.3회,1.8회,1.3회
㈜삼선로직스,3.41/4.5,839점,-,IM3,1.2개,2.1개,1.2회,1회,1회,1.8회
애경산업(주),3.6/4.5,842점,Lv6,IM2,1개,2개,1.2회,1.5회,1.6회,2회
(재)한국항공우주연구원,3.67/4.5,721점,Lv6,IM1,1.3개,2.3개,1.4회,2회,2.1회,2회
(주)노브랜드,3.61/4.5,793점,Lv6,AL,1개,2.6개,1.4회,2회,2회,1회
한국보건산업진흥원,3.67/4.5,776점,Lv6,IM2,1.1개,2.1개,1.1회,1.2회,1.8회,1.9회
(주)엠에스오토텍,3.52/4.5,685점,Lv7,-,-,2.1개,2회,-,-,5회
티센크루프엘리베이터코리아(주),3.54/4.5,792점,Lv4,IL,1개,1.8개,1.3회,-,1.8회,1.3회
화성산업(주),3.56/4.5,915점,-,-,-,2.3개,1회,1회,-,1회
태양금속공업㈜,3.53/4.5,720점,Lv6,IL,1개,2.1개,1.2회,1회,1.5회,1.7회
㈜컴퓨존,3.41/4.5,690점,-,-,1개,2.1개,2회,2.4회,1.5회,1.8회
(주)이노션,3.68/4.5,867점,Lv7,IM3,1.5개,1.9개,1.2회,2.1회,3.8회,1.8회
디와이(주),3.5/4.5,728점,Lv7,IM1,1.3개,2.1개,1.4회,1회,2회,1.8회
대한사료(주),3.58/4.5,802점,-,-,-,2.6개,1회,1회,1.6회,1.3회
(주)비에이치,3.45/4.5,785점,Lv6,IM1,1.3개,2.2개,1.8회,1.8회,1.7회,2.3회
델인터내셔널㈜,3.61/4.5,806점,-,-,-,2개,1.3회,1회,1.3회,2회
존슨콘트롤즈오토모티브코리아㈜,3.54/4.5,847점,Lv5,IM2,1개,2.5개,1.2회,1.5회,2.5회,2.3회
한국관광공사,3.73/4.5,824점,Lv6,IM3,1.3개,2.2개,1.3회,1.7회,2회,2회
두원중공업(주),3.61/4.5,737점,-,IL,1개,1.9개,1.4회,2.3회,2.3회,1.5회
(주)조선일보사,3.66/4.5,829점,Lv7,-,1.1개,2개,1.1회,1.3회,1.7회,1.9회
한국EMC컴퓨터시스템즈㈜,3.62/4.5,834점,-,IH,1개,2.1개,1.2회,-,-,-
(주)이수페타시스,3.4/4.5,833점,Lv6,IH,1개,1.8개,1.4회,1회,4회,1회
바이엘코리아(주),3.55/4.5,845점,Lv6,-,1.1개,2.1개,1.2회,-,1.5회,2.5회
㈜골프존뉴딘,3.61/4.5,722점,Lv7,IM3,1.2개,2.4개,1회,1회,1회,2.1회
(주)영우디지탈,3.34/4.5,741점,Lv6,IM1,1개,2.5개,1.1회,1.3회,1.3회,1.3회
(주)부산롯데호텔,3.72/4.5,773점,Lv6,IM1,1.4개,2개,1.2회,1.2회,1.1회,1.3회
(주)니프코코리아,3.68/4.5,729점,Lv5,IM2,1.1개,2개,1.4회,2회,2회,1.7회
AK S&D (주),3.63/4.5,793점,-,-,-,1.6개,1회,-,1.3회,2.3회
(주)풍인무역,3.55/4.5,825점,Lv6,IM3,1개,2.2개,1.4회,1.8회,1.8회,1.4회
넥상스코리아(주),3.35/4.5,827점,Lv6,-,1개,2.7개,1.4회,-,-,-
(주)풀무원푸드앤컬처,3.68/4.5,721점,Lv7,IM2,1.3개,2.5개,1.1회,2회,1.9회,2회
롯데비피화학(주),4.04/4.5,801점,Lv7,-,-,2.7개,1.3회,1회,1회,1회
(주)이니스프리,3.46/4.5,875점,Lv6,-,1.5개,2.1개,1.3회,1회,1.3회,2회
(주)센트랄,3.77/4.5,791점,Lv7,-,1개,1.8개,1.3회,-,2회,1회
㈜넥솔론,3.62/4.5,793점,Lv6,IM1,1개,2.2개,1.2회,2회,1.6회,1.5회
로옴세미컨덕터코리아(주),3.63/4.5,710점,-,IL,1.5개,1.9개,1.3회,2회,1.3회,1.3회
도쿄일렉트론코리아(주),3.61/4.5,753점,Lv6,IM2,1.3개,2.1개,1회,1회,1회,2.4회
(주)캠시스,3.68/4.5,570점,-,IL,1개,2.3개,1.3회,1.3회,3회,1.8회
YES24㈜,3.66/4.5,822점,Lv6,IM3,1.2개,1.7개,1.3회,1.3회,1.2회,1.5회
(주)GS,3.78/4.5,848점,-,-,-,1.5개,1회,1회,-,1회
㈜대유신소재,3.42/4.5,684점,-,-,2개,2.1개,1.2회,1회,2회,1.1회
(주)아이피케이,3.38/4.5,810점,Lv6,IH,1.3개,1.9개,1.3회,-,-,-
(주)한독,3.6/4.5,815점,Lv7,IM2,1개,2개,1.3회,1.1회,1.4회,1.5회
보령제약(주),3.49/4.5,814점,Lv6,IM2,1개,2.2개,1.2회,1회,1.6회,1.6회
SFA반도체㈜,3.58/4.5,829점,Lv6,IM3,1개,2.1개,1회,1회,1회,1회
한국허벌라이프(주),3.58/4.5,868점,Lv7,IM3,1개,2개,1.3회,1회,1.3회,2회
㈜ABC마트코리아,3.63/4.5,770점,Lv6,IM2,1.4개,2.1개,1.2회,1.7회,1.3회,2.4회
(주)귀뚜라미홀딩스,3.52/4.5,782점,Lv6,IL,2개,2.1개,2회,1.5회,2.2회,3회
(주)팔도,3.57/4.5,803점,Lv4,IM2,1개,2.2개,1.8회,1회,2회,1회
제이에스알마이크로코리아(주),3.84/4.5,775점,-,AL,1.2개,1.9개,1회,-,-,1회
광림통상㈜,3.54/4.5,820점,Lv6,IM2,1개,2.1개,1.4회,1.3회,1.3회,2회
강남제비스코㈜,3.54/4.5,763점,-,IM2,-,2.5개,1회,1회,1.5회,2.5회
프라다코리아㈜,3.76/4.5,836점,-,IH,1.1개,2개,1.2회,2회,1회,2회
뉴스킨코리아㈜,3.66/4.5,856점,Lv6,IM3,1.3개,2.2개,1.6회,1회,1.6회,1.9회
(주)에뛰드,3.74/4.5,829점,Lv6,IM3,1.3개,2.3개,1.3회,1.6회,2.3회,2.6회
한양이엔지(주),3.4/4.5,748점,Lv6,IM2,1.8개,2.1개,1.5회,1회,1.3회,1.3회
(주)삼표,3.54/4.5,745점,Lv6,IL,1개,2.2개,1회,1회,1회,1.8회
오텍캐리어(주),3.64/4.5,796점,Lv6,IL,1개,1.9개,1회,2회,2.8회,2.1회
(주)코스콤,3.66/4.5,840점,Lv6,IM3,1.3개,2.3개,1.5회,1회,2.1회,1회
(주)신세계조선호텔,3.69/4.5,726점,Lv6,IM3,1.2개,2.2개,1.3회,1.5회,2.3회,1.6회
㈜에스지세계물산,3.58/4.5,814점,-,-,1개,2.2개,1.3회,-,1회,-
㈜대홍기획,3.63/4.5,875점,Lv7,IH,1.2개,2.1개,1.2회,1.4회,2.7회,1.5회
청호나이스(주),3.49/4.5,791점,Lv6,IM1,1.1개,2개,1.4회,1.5회,1.2회,2회
우리에프아이에스(주),3.58/4.5,789점,Lv6,IM3,1개,2.4개,1회,1.2회,1.4회,1.7회
